id,firstname,lastname,email,email2,profession
100,Mariann,Macey,Mariann.Macey@yopmail.com,Mariann.Macey@gmail.com,police officer
101,Layla,Gino,Layla.Gino@yopmail.com,Layla.Gino@gmail.com,firefighter
102,Carree,Judye,Carree.Judye@yopmail.com,Carree.Judye@gmail.com,firefighter
103,Ursulina,Rossner,Ursulina.Rossner@yopmail.com,Ursulina.Rossner@gmail.com,worker
104,Dianemarie,Gerge,Dianemarie.Gerge@yopmail.com,Dianemarie.Gerge@gmail.com,firefighter
105,Madeleine,Olnee,Madeleine.Olnee@yopmail.com,Madeleine.Olnee@gmail.com,police officer
106,Fina,Jena,Fina.Jena@yopmail.com,Fina.Jena@gmail.com,developer
107,Krystle,Seagraves,Krystle.Seagraves@yopmail.com,Krystle.Seagraves@gmail.com,firefighter
108,Marjie,Obed,Marjie.Obed@yopmail.com,Marjie.Obed@gmail.com,worker
109,Fawne,Lubin,Fawne.Lubin@yopmail.com,Fawne.Lubin@gmail.com,worker
110,Gratia,Mintz,Gratia.Mintz@yopmail.com,Gratia.Mintz@gmail.com,worker
111,Tiffie,Bibi,Tiffie.Bibi@yopmail.com,Tiffie.Bibi@gmail.com,police officer
112,Kayla,Weitman,Kayla.Weitman@yopmail.com,Kayla.Weitman@gmail.com,firefighter
113,Sindee,Bebe,Sindee.Bebe@yopmail.com,Sindee.Bebe@gmail.com,police officer
114,Hettie,Cleavland,Hettie.Cleavland@yopmail.com,Hettie.Cleavland@gmail.com,developer
115,Lynea,Bevin,Lynea.Bevin@yopmail.com,Lynea.Bevin@gmail.com,doctor
116,Jerry,Hertzfeld,Jerry.Hertzfeld@yopmail.com,Jerry.Hertzfeld@gmail.com,worker
117,Tera,Yoko,Tera.Yoko@yopmail.com,Tera.Yoko@gmail.com,developer
118,Christian,Garrison,Christian.Garrison@yopmail.com,Christian.Garrison@gmail.com,developer
119,Jackie,Ellerey,Jackie.Ellerey@yopmail.com,Jackie.Ellerey@gmail.com,police officer
120,Elena,Bearnard,Elena.Bearnard@yopmail.com,Elena.Bearnard@gmail.com,developer
121,Janenna,Paine,Janenna.Paine@yopmail.com,Janenna.Paine@gmail.com,developer
122,Gwyneth,Lipson,Gwyneth.Lipson@yopmail.com,Gwyneth.Lipson@gmail.com,doctor
123,Valera,Atcliffe,Valera.Atcliffe@yopmail.com,Valera.Atcliffe@gmail.com,doctor
124,Deirdre,Quinn,Deirdre.Quinn@yopmail.com,Deirdre.Quinn@gmail.com,doctor
125,Constance,Geffner,Constance.Geffner@yopmail.com,Constance.Geffner@gmail.com,doctor
126,Paola,Yorick,Paola.Yorick@yopmail.com,Paola.Yorick@gmail.com,doctor
127,Myriam,Posner,Myriam.Posner@yopmail.com,Myriam.Posner@gmail.com,developer
128,Dorthy,Rosalba,Dorthy.Rosalba@yopmail.com,Dorthy.Rosalba@gmail.com,developer
129,Aigneis,Ledah,Aigneis.Ledah@yopmail.com,Aigneis.Ledah@gmail.com,worker
130,Di,Cassius,Di.Cassius@yopmail.com,Di.Cassius@gmail.com,developer
131,Paola,Sigfrid,Paola.Sigfrid@yopmail.com,Paola.Sigfrid@gmail.com,developer
132,Brietta,Allina,Brietta.Allina@yopmail.com,Brietta.Allina@gmail.com,developer
133,Selma,Bates,Selma.Bates@yopmail.com,Selma.Bates@gmail.com,doctor
134,Bibby,Grayce,Bibby.Grayce@yopmail.com,Bibby.Grayce@gmail.com,firefighter
135,Abbie,Emerson,Abbie.Emerson@yopmail.com,Abbie.Emerson@gmail.com,developer
136,Rhoda,Talia,Rhoda.Talia@yopmail.com,Rhoda.Talia@gmail.com,developer
137,Deedee,Nisbet,Deedee.Nisbet@yopmail.com,Deedee.Nisbet@gmail.com,firefighter
138,Amelia,Ellerey,Amelia.Ellerey@yopmail.com,Amelia.Ellerey@gmail.com,worker
139,Kittie,Koehler,Kittie.Koehler@yopmail.com,Kittie.Koehler@gmail.com,doctor
140,Pamella,Phyllis,Pamella.Phyllis@yopmail.com,Pamella.Phyllis@gmail.com,worker
141,Gisela,Pelagias,Gisela.Pelagias@yopmail.com,Gisela.Pelagias@gmail.com,worker
142,Melanie,Peti,Melanie.Peti@yopmail.com,Melanie.Peti@gmail.com,police officer
143,Evaleen,Rillings,Evaleen.Rillings@yopmail.com,Evaleen.Rillings@gmail.com,firefighter
144,Augustine,Michella,Augustine.Michella@yopmail.com,Augustine.Michella@gmail.com,doctor
145,Candy,Jarib,Candy.Jarib@yopmail.com,Candy.Jarib@gmail.com,firefighter
146,Goldie,Salchunas,Goldie.Salchunas@yopmail.com,Goldie.Salchunas@gmail.com,developer
147,Kittie,Bates,Kittie.Bates@yopmail.com,Kittie.Bates@gmail.com,firefighter
148,Delilah,Ackerley,Delilah.Ackerley@yopmail.com,Delilah.Ackerley@gmail.com,worker
149,Arlena,Colleen,Arlena.Colleen@yopmail.com,Arlena.Colleen@gmail.com,worker
150,Zaria,Grobe,Zaria.Grobe@yopmail.com,Zaria.Grobe@gmail.com,worker
151,Kenna,Neils,Kenna.Neils@yopmail.com,Kenna.Neils@gmail.com,doctor
152,Raina,Lareena,Raina.Lareena@yopmail.com,Raina.Lareena@gmail.com,developer
153,Maurene,Ackerley,Maurene.Ackerley@yopmail.com,Maurene.Ackerley@gmail.com,firefighter
154,Alameda,Roumell,Alameda.Roumell@yopmail.com,Alameda.Roumell@gmail.com,developer
155,Rebeca,Regan,Rebeca.Regan@yopmail.com,Rebeca.Regan@gmail.com,firefighter
156,Tonia,Si,Tonia.Si@yopmail.com,Tonia.Si@gmail.com,police officer
157,Lorne,Hutchison,Lorne.Hutchison@yopmail.com,Lorne.Hutchison@gmail.com,doctor
158,Nicoli,Gibbeon,Nicoli.Gibbeon@yopmail.com,Nicoli.Gibbeon@gmail.com,developer
159,Verla,Byrne,Verla.Byrne@yopmail.com,Verla.Byrne@gmail.com,doctor
160,Katuscha,Lumbard,Katuscha.Lumbard@yopmail.com,Katuscha.Lumbard@gmail.com,developer
161,Fayre,Ferino,Fayre.Ferino@yopmail.com,Fayre.Ferino@gmail.com,worker
162,Lita,Wooster,Lita.Wooster@yopmail.com,Lita.Wooster@gmail.com,firefighter
163,Calla,Mich,Calla.Mich@yopmail.com,Calla.Mich@gmail.com,worker
164,Tera,Sadowski,Tera.Sadowski@yopmail.com,Tera.Sadowski@gmail.com,doctor
165,Christal,Peonir,Christal.Peonir@yopmail.com,Christal.Peonir@gmail.com,worker
166,Rubie,My,Rubie.My@yopmail.com,Rubie.My@gmail.com,firefighter
167,Lesly,Kare,Lesly.Kare@yopmail.com,Lesly.Kare@gmail.com,police officer
168,Kial,Kazimir,Kial.Kazimir@yopmail.com,Kial.Kazimir@gmail.com,doctor
169,Viviene,Gombach,Viviene.Gombach@yopmail.com,Viviene.Gombach@gmail.com,developer
170,Selia,Hilbert,Selia.Hilbert@yopmail.com,Selia.Hilbert@gmail.com,firefighter
171,Corly,Thar,Corly.Thar@yopmail.com,Corly.Thar@gmail.com,firefighter
172,Rhoda,Irmine,Rhoda.Irmine@yopmail.com,Rhoda.Irmine@gmail.com,worker
173,Dyann,Irmine,Dyann.Irmine@yopmail.com,Dyann.Irmine@gmail.com,developer
174,Gusella,Cottle,Gusella.Cottle@yopmail.com,Gusella.Cottle@gmail.com,doctor
175,Lita,Lipson,Lita.Lipson@yopmail.com,Lita.Lipson@gmail.com,worker
176,Marguerite,Kenwood,Marguerite.Kenwood@yopmail.com,Marguerite.Kenwood@gmail.com,firefighter
177,Kaia,Trace,Kaia.Trace@yopmail.com,Kaia.Trace@gmail.com,police officer
178,Kore,Arvo,Kore.Arvo@yopmail.com,Kore.Arvo@gmail.com,worker
179,Elmira,Jary,Elmira.Jary@yopmail.com,Elmira.Jary@gmail.com,police officer
180,Kial,Mehalek,Kial.Mehalek@yopmail.com,Kial.Mehalek@gmail.com,doctor
181,Neila,Germann,Neila.Germann@yopmail.com,Neila.Germann@gmail.com,doctor
182,Sean,Gemini,Sean.Gemini@yopmail.com,Sean.Gemini@gmail.com,developer
183,Hildegaard,Yam,Hildegaard.Yam@yopmail.com,Hildegaard.Yam@gmail.com,worker
184,Lucille,Norvol,Lucille.Norvol@yopmail.com,Lucille.Norvol@gmail.com,worker
185,Basia,Erb,Basia.Erb@yopmail.com,Basia.Erb@gmail.com,developer
186,Ingrid,Bury,Ingrid.Bury@yopmail.com,Ingrid.Bury@gmail.com,doctor
187,Brynna,Carri,Brynna.Carri@yopmail.com,Brynna.Carri@gmail.com,worker
188,Roseline,Gibbeon,Roseline.Gibbeon@yopmail.com,Roseline.Gibbeon@gmail.com,firefighter
189,Reeba,Anyah,Reeba.Anyah@yopmail.com,Reeba.Anyah@gmail.com,doctor
190,Gwenneth,Percy,Gwenneth.Percy@yopmail.com,Gwenneth.Percy@gmail.com,firefighter
191,Corly,Ax,Corly.Ax@yopmail.com,Corly.Ax@gmail.com,doctor
192,Andeee,Carlson,Andeee.Carlson@yopmail.com,Andeee.Carlson@gmail.com,worker
193,Tiffie,Arathorn,Tiffie.Arathorn@yopmail.com,Tiffie.Arathorn@gmail.com,developer
194,Caressa,Colleen,Caressa.Colleen@yopmail.com,Caressa.Colleen@gmail.com,firefighter
195,Sherrie,Orlene,Sherrie.Orlene@yopmail.com,Sherrie.Orlene@gmail.com,doctor
196,Annabela,Anis,Annabela.Anis@yopmail.com,Annabela.Anis@gmail.com,developer
197,Arlina,Pitt,Arlina.Pitt@yopmail.com,Arlina.Pitt@gmail.com,firefighter
198,Hallie,Janene,Hallie.Janene@yopmail.com,Hallie.Janene@gmail.com,police officer
199,Veda,Tremayne,Veda.Tremayne@yopmail.com,Veda.Tremayne@gmail.com,doctor
200,Ekaterina,Ricki,Ekaterina.Ricki@yopmail.com,Ekaterina.Ricki@gmail.com,developer
201,Olwen,Lenny,Olwen.Lenny@yopmail.com,Olwen.Lenny@gmail.com,police officer
202,Chloris,Hylan,Chloris.Hylan@yopmail.com,Chloris.Hylan@gmail.com,firefighter
203,Tomasina,Faust,Tomasina.Faust@yopmail.com,Tomasina.Faust@gmail.com,developer
204,Tomasina,Goerke,Tomasina.Goerke@yopmail.com,Tomasina.Goerke@gmail.com,doctor
205,Wilma,Iaverne,Wilma.Iaverne@yopmail.com,Wilma.Iaverne@gmail.com,police officer
206,Olwen,Atcliffe,Olwen.Atcliffe@yopmail.com,Olwen.Atcliffe@gmail.com,police officer
207,Karlee,Artie,Karlee.Artie@yopmail.com,Karlee.Artie@gmail.com,worker
208,Magdalena,Ramona,Magdalena.Ramona@yopmail.com,Magdalena.Ramona@gmail.com,doctor
209,Linzy,Darbie,Linzy.Darbie@yopmail.com,Linzy.Darbie@gmail.com,doctor
210,Annecorinne,Skurnik,Annecorinne.Skurnik@yopmail.com,Annecorinne.Skurnik@gmail.com,firefighter
211,Ebonee,Lorenz,Ebonee.Lorenz@yopmail.com,Ebonee.Lorenz@gmail.com,police officer
212,Gerrie,Taima,Gerrie.Taima@yopmail.com,Gerrie.Taima@gmail.com,firefighter
213,Kimberley,Alabaster,Kimberley.Alabaster@yopmail.com,Kimberley.Alabaster@gmail.com,police officer
214,Tami,Byrne,Tami.Byrne@yopmail.com,Tami.Byrne@gmail.com,police officer
215,Beth,Wolfgram,Beth.Wolfgram@yopmail.com,Beth.Wolfgram@gmail.com,developer
216,Larine,Adore,Larine.Adore@yopmail.com,Larine.Adore@gmail.com,police officer
217,Rivalee,Carmena,Rivalee.Carmena@yopmail.com,Rivalee.Carmena@gmail.com,doctor
218,Susette,Jefferey,Susette.Jefferey@yopmail.com,Susette.Jefferey@gmail.com,firefighter
219,Betta,Tarrant,Betta.Tarrant@yopmail.com,Betta.Tarrant@gmail.com,developer
220,Ariela,Urania,Ariela.Urania@yopmail.com,Ariela.Urania@gmail.com,firefighter
221,Kaja,Lareena,Kaja.Lareena@yopmail.com,Kaja.Lareena@gmail.com,firefighter
222,Calla,Ruvolo,Calla.Ruvolo@yopmail.com,Calla.Ruvolo@gmail.com,doctor
223,Shirlee,Gibbeon,Shirlee.Gibbeon@yopmail.com,Shirlee.Gibbeon@gmail.com,worker
224,Anallese,Adalbert,Anallese.Adalbert@yopmail.com,Anallese.Adalbert@gmail.com,developer
225,Shell,Meli,Shell.Meli@yopmail.com,Shell.Meli@gmail.com,police officer
226,Lynde,Kiyoshi,Lynde.Kiyoshi@yopmail.com,Lynde.Kiyoshi@gmail.com,police officer
227,Hayley,Uird,Hayley.Uird@yopmail.com,Hayley.Uird@gmail.com,police officer
228,Romona,Duwalt,Romona.Duwalt@yopmail.com,Romona.Duwalt@gmail.com,doctor
229,Maisey,Serilda,Maisey.Serilda@yopmail.com,Maisey.Serilda@gmail.com,worker
230,Marleah,Lorenz,Marleah.Lorenz@yopmail.com,Marleah.Lorenz@gmail.com,worker
231,Tani,Forrer,Tani.Forrer@yopmail.com,Tani.Forrer@gmail.com,worker
232,Zsa Zsa,Barrus,Zsa Zsa.Barrus@yopmail.com,Zsa Zsa.Barrus@gmail.com,firefighter
233,Shirlee,Annice,Shirlee.Annice@yopmail.com,Shirlee.Annice@gmail.com,developer
234,Ayn,Maiah,Ayn.Maiah@yopmail.com,Ayn.Maiah@gmail.com,developer
235,Jacquetta,Stanwood,Jacquetta.Stanwood@yopmail.com,Jacquetta.Stanwood@gmail.com,developer
236,Karena,O'Neill,Karena.O'Neill@yopmail.com,Karena.O'Neill@gmail.com,worker
237,Susan,Saunderson,Susan.Saunderson@yopmail.com,Susan.Saunderson@gmail.com,worker
238,Tybie,Shama,Tybie.Shama@yopmail.com,Tybie.Shama@gmail.com,developer
239,Doralynne,Elbertina,Doralynne.Elbertina@yopmail.com,Doralynne.Elbertina@gmail.com,doctor
240,Sara-Ann,Sidonius,Sara-Ann.Sidonius@yopmail.com,Sara-Ann.Sidonius@gmail.com,police officer
241,Florencia,Odell,Florencia.Odell@yopmail.com,Florencia.Odell@gmail.com,developer
242,Rani,Lissi,Rani.Lissi@yopmail.com,Rani.Lissi@gmail.com,doctor
243,Shandie,Ardra,Shandie.Ardra@yopmail.com,Shandie.Ardra@gmail.com,worker
244,Kalina,Tatianas,Kalina.Tatianas@yopmail.com,Kalina.Tatianas@gmail.com,doctor
245,Bobbi,Tillford,Bobbi.Tillford@yopmail.com,Bobbi.Tillford@gmail.com,doctor
246,Darci,Gillan,Darci.Gillan@yopmail.com,Darci.Gillan@gmail.com,police officer
247,Juliane,Konyn,Juliane.Konyn@yopmail.com,Juliane.Konyn@gmail.com,firefighter
248,Minne,Ahab,Minne.Ahab@yopmail.com,Minne.Ahab@gmail.com,police officer
249,Chickie,Screens,Chickie.Screens@yopmail.com,Chickie.Screens@gmail.com,doctor
250,Angelique,Jaylene,Angelique.Jaylene@yopmail.com,Angelique.Jaylene@gmail.com,firefighter
251,Elyssa,Douglass,Elyssa.Douglass@yopmail.com,Elyssa.Douglass@gmail.com,firefighter
252,Karina,O'Carroll,Karina.O'Carroll@yopmail.com,Karina.O'Carroll@gmail.com,police officer
253,Laure,Rubie,Laure.Rubie@yopmail.com,Laure.Rubie@gmail.com,police officer
254,Letizia,Truc,Letizia.Truc@yopmail.com,Letizia.Truc@gmail.com,firefighter
255,Dale,Lail,Dale.Lail@yopmail.com,Dale.Lail@gmail.com,doctor
256,Marguerite,Gaspard,Marguerite.Gaspard@yopmail.com,Marguerite.Gaspard@gmail.com,police officer
257,Katleen,Septima,Katleen.Septima@yopmail.com,Katleen.Septima@gmail.com,worker
258,Viviene,Bates,Viviene.Bates@yopmail.com,Viviene.Bates@gmail.com,firefighter
259,Beatriz,Macey,Beatriz.Macey@yopmail.com,Beatriz.Macey@gmail.com,police officer
260,Daune,Carmena,Daune.Carmena@yopmail.com,Daune.Carmena@gmail.com,developer
261,Evaleen,Adrienne,Evaleen.Adrienne@yopmail.com,Evaleen.Adrienne@gmail.com,doctor
262,Abbie,Barrus,Abbie.Barrus@yopmail.com,Abbie.Barrus@gmail.com,police officer
263,Tera,Franza,Tera.Franza@yopmail.com,Tera.Franza@gmail.com,doctor
264,Kara-Lynn,Love,Kara-Lynn.Love@yopmail.com,Kara-Lynn.Love@gmail.com,worker
265,Jacquetta,Etom,Jacquetta.Etom@yopmail.com,Jacquetta.Etom@gmail.com,worker
266,Wynne,Adalbert,Wynne.Adalbert@yopmail.com,Wynne.Adalbert@gmail.com,worker
267,Meg,Sibyls,Meg.Sibyls@yopmail.com,Meg.Sibyls@gmail.com,doctor
268,Amara,Vale,Amara.Vale@yopmail.com,Amara.Vale@gmail.com,police officer
269,Kate,Silvan,Kate.Silvan@yopmail.com,Kate.Silvan@gmail.com,doctor
270,Andeee,Hertzfeld,Andeee.Hertzfeld@yopmail.com,Andeee.Hertzfeld@gmail.com,doctor
271,Jaime,Pozzy,Jaime.Pozzy@yopmail.com,Jaime.Pozzy@gmail.com,developer
272,Johna,Raimondo,Johna.Raimondo@yopmail.com,Johna.Raimondo@gmail.com,worker
273,Katuscha,Kazimir,Katuscha.Kazimir@yopmail.com,Katuscha.Kazimir@gmail.com,firefighter
274,Layla,Cynar,Layla.Cynar@yopmail.com,Layla.Cynar@gmail.com,police officer
275,Dale,Boehike,Dale.Boehike@yopmail.com,Dale.Boehike@gmail.com,developer
276,Stephanie,Ackerley,Stephanie.Ackerley@yopmail.com,Stephanie.Ackerley@gmail.com,worker
277,Shirlee,Rozanna,Shirlee.Rozanna@yopmail.com,Shirlee.Rozanna@gmail.com,developer
278,Madeleine,Dex,Madeleine.Dex@yopmail.com,Madeleine.Dex@gmail.com,doctor
279,Patricia,Roscoe,Patricia.Roscoe@yopmail.com,Patricia.Roscoe@gmail.com,firefighter
280,Josephine,Anton,Josephine.Anton@yopmail.com,Josephine.Anton@gmail.com,worker
281,Daryl,Sperling,Daryl.Sperling@yopmail.com,Daryl.Sperling@gmail.com,developer
282,Jerry,Raul,Jerry.Raul@yopmail.com,Jerry.Raul@gmail.com,worker
283,Nicoli,Lalitta,Nicoli.Lalitta@yopmail.com,Nicoli.Lalitta@gmail.com,worker
284,Vinita,Barney,Vinita.Barney@yopmail.com,Vinita.Barney@gmail.com,firefighter
285,Margette,Kannry,Margette.Kannry@yopmail.com,Margette.Kannry@gmail.com,police officer
286,Christal,Ovid,Christal.Ovid@yopmail.com,Christal.Ovid@gmail.com,doctor
287,Ricky,Phaidra,Ricky.Phaidra@yopmail.com,Ricky.Phaidra@gmail.com,developer
288,Corene,Llovera,Corene.Llovera@yopmail.com,Corene.Llovera@gmail.com,worker
289,Andree,Devlen,Andree.Devlen@yopmail.com,Andree.Devlen@gmail.com,doctor
290,Minne,Hartnett,Minne.Hartnett@yopmail.com,Minne.Hartnett@gmail.com,doctor
291,Leona,Darian,Leona.Darian@yopmail.com,Leona.Darian@gmail.com,firefighter
292,Sheree,Pitt,Sheree.Pitt@yopmail.com,Sheree.Pitt@gmail.com,developer
293,Tressa,Tillford,Tressa.Tillford@yopmail.com,Tressa.Tillford@gmail.com,worker
294,Jaclyn,Pillsbury,Jaclyn.Pillsbury@yopmail.com,Jaclyn.Pillsbury@gmail.com,doctor
295,Jean,Lowry,Jean.Lowry@yopmail.com,Jean.Lowry@gmail.com,developer
296,Alleen,Truc,Alleen.Truc@yopmail.com,Alleen.Truc@gmail.com,firefighter
297,Charmaine,Kelula,Charmaine.Kelula@yopmail.com,Charmaine.Kelula@gmail.com,firefighter
298,Nadine,Lacombe,Nadine.Lacombe@yopmail.com,Nadine.Lacombe@gmail.com,firefighter
299,Marita,Firmin,Marita.Firmin@yopmail.com,Marita.Firmin@gmail.com,police officer
300,Mamie,Audly,Mamie.Audly@yopmail.com,Mamie.Audly@gmail.com,doctor
301,Alex,Ricarda,Alex.Ricarda@yopmail.com,Alex.Ricarda@gmail.com,police officer
302,Ricky,Valoniah,Ricky.Valoniah@yopmail.com,Ricky.Valoniah@gmail.com,police officer
303,Betta,Helfand,Betta.Helfand@yopmail.com,Betta.Helfand@gmail.com,doctor
304,Kirstin,Shaver,Kirstin.Shaver@yopmail.com,Kirstin.Shaver@gmail.com,developer
305,Aili,Gombach,Aili.Gombach@yopmail.com,Aili.Gombach@gmail.com,doctor
306,Gavrielle,Bouchard,Gavrielle.Bouchard@yopmail.com,Gavrielle.Bouchard@gmail.com,doctor
307,Shandie,Olnee,Shandie.Olnee@yopmail.com,Shandie.Olnee@gmail.com,doctor
308,Maisey,Anton,Maisey.Anton@yopmail.com,Maisey.Anton@gmail.com,developer
309,Ayn,Ciro,Ayn.Ciro@yopmail.com,Ayn.Ciro@gmail.com,firefighter
310,Robinia,Johnsson,Robinia.Johnsson@yopmail.com,Robinia.Johnsson@gmail.com,worker
311,Dianemarie,Holtz,Dianemarie.Holtz@yopmail.com,Dianemarie.Holtz@gmail.com,doctor
312,Jorry,Lesley,Jorry.Lesley@yopmail.com,Jorry.Lesley@gmail.com,firefighter
313,Shauna,Astra,Shauna.Astra@yopmail.com,Shauna.Astra@gmail.com,police officer
314,Teddie,Cavan,Teddie.Cavan@yopmail.com,Teddie.Cavan@gmail.com,police officer
315,Addia,Cloris,Addia.Cloris@yopmail.com,Addia.Cloris@gmail.com,doctor
316,Jobi,Stoller,Jobi.Stoller@yopmail.com,Jobi.Stoller@gmail.com,developer
317,Edee,Ellord,Edee.Ellord@yopmail.com,Edee.Ellord@gmail.com,firefighter
318,Michaelina,Vins,Michaelina.Vins@yopmail.com,Michaelina.Vins@gmail.com,firefighter
319,Aurore,Paine,Aurore.Paine@yopmail.com,Aurore.Paine@gmail.com,worker
320,Madelle,Brotherson,Madelle.Brotherson@yopmail.com,Madelle.Brotherson@gmail.com,developer
321,Constance,Cleavland,Constance.Cleavland@yopmail.com,Constance.Cleavland@gmail.com,police officer
322,Noelle,Florina,Noelle.Florina@yopmail.com,Noelle.Florina@gmail.com,firefighter
323,Keelia,Whittaker,Keelia.Whittaker@yopmail.com,Keelia.Whittaker@gmail.com,developer
324,Viviene,Giule,Viviene.Giule@yopmail.com,Viviene.Giule@gmail.com,firefighter
325,Roslyn,Milson,Roslyn.Milson@yopmail.com,Roslyn.Milson@gmail.com,doctor
326,Hannis,Ardeha,Hannis.Ardeha@yopmail.com,Hannis.Ardeha@gmail.com,doctor
327,Annecorinne,Dielu,Annecorinne.Dielu@yopmail.com,Annecorinne.Dielu@gmail.com,developer
328,Vinita,Alabaster,Vinita.Alabaster@yopmail.com,Vinita.Alabaster@gmail.com,police officer
329,Renie,Wenda,Renie.Wenda@yopmail.com,Renie.Wenda@gmail.com,worker
330,Kimberley,Poppy,Kimberley.Poppy@yopmail.com,Kimberley.Poppy@gmail.com,police officer
331,Correy,Corabella,Correy.Corabella@yopmail.com,Correy.Corabella@gmail.com,doctor
332,Gwyneth,Sadowski,Gwyneth.Sadowski@yopmail.com,Gwyneth.Sadowski@gmail.com,doctor
333,Ekaterina,Shields,Ekaterina.Shields@yopmail.com,Ekaterina.Shields@gmail.com,police officer
334,Willetta,Adrienne,Willetta.Adrienne@yopmail.com,Willetta.Adrienne@gmail.com,worker
335,Dacia,Olympium,Dacia.Olympium@yopmail.com,Dacia.Olympium@gmail.com,worker
336,Joelly,Barrus,Joelly.Barrus@yopmail.com,Joelly.Barrus@gmail.com,firefighter
337,Michaelina,Bultman,Michaelina.Bultman@yopmail.com,Michaelina.Bultman@gmail.com,worker
338,Evaleen,Cohdwell,Evaleen.Cohdwell@yopmail.com,Evaleen.Cohdwell@gmail.com,doctor
339,Amelia,Charmine,Amelia.Charmine@yopmail.com,Amelia.Charmine@gmail.com,developer
340,Deane,Hunfredo,Deane.Hunfredo@yopmail.com,Deane.Hunfredo@gmail.com,firefighter
341,Belva,Mehalek,Belva.Mehalek@yopmail.com,Belva.Mehalek@gmail.com,developer
342,Cordi,Fontana,Cordi.Fontana@yopmail.com,Cordi.Fontana@gmail.com,doctor
343,Clary,Toni,Clary.Toni@yopmail.com,Clary.Toni@gmail.com,worker
344,Constance,Briney,Constance.Briney@yopmail.com,Constance.Briney@gmail.com,firefighter
345,Ana,Llovera,Ana.Llovera@yopmail.com,Ana.Llovera@gmail.com,police officer
346,Lolita,Rugen,Lolita.Rugen@yopmail.com,Lolita.Rugen@gmail.com,firefighter
347,Abbie,Martguerita,Abbie.Martguerita@yopmail.com,Abbie.Martguerita@gmail.com,developer
348,Alisha,Cynar,Alisha.Cynar@yopmail.com,Alisha.Cynar@gmail.com,doctor
349,Gertrud,Koziara,Gertrud.Koziara@yopmail.com,Gertrud.Koziara@gmail.com,developer
350,Lenna,Mike,Lenna.Mike@yopmail.com,Lenna.Mike@gmail.com,worker
351,Janey,Virgin,Janey.Virgin@yopmail.com,Janey.Virgin@gmail.com,developer
352,Ericka,Martguerita,Ericka.Martguerita@yopmail.com,Ericka.Martguerita@gmail.com,doctor
353,Gloria,Autrey,Gloria.Autrey@yopmail.com,Gloria.Autrey@gmail.com,firefighter
354,Annora,Melleta,Annora.Melleta@yopmail.com,Annora.Melleta@gmail.com,police officer
355,Tami,Vale,Tami.Vale@yopmail.com,Tami.Vale@gmail.com,firefighter
356,Roberta,Parsaye,Roberta.Parsaye@yopmail.com,Roberta.Parsaye@gmail.com,firefighter
357,Frank,Rodmann,Frank.Rodmann@yopmail.com,Frank.Rodmann@gmail.com,doctor
358,Arlena,Pettiford,Arlena.Pettiford@yopmail.com,Arlena.Pettiford@gmail.com,police officer
359,Deedee,Thema,Deedee.Thema@yopmail.com,Deedee.Thema@gmail.com,worker
360,Margalo,Israeli,Margalo.Israeli@yopmail.com,Margalo.Israeli@gmail.com,firefighter
361,Ashlee,Birdella,Ashlee.Birdella@yopmail.com,Ashlee.Birdella@gmail.com,worker
362,Maud,Hamil,Maud.Hamil@yopmail.com,Maud.Hamil@gmail.com,firefighter
363,Orelia,Chick,Orelia.Chick@yopmail.com,Orelia.Chick@gmail.com,police officer
364,Glenda,Wilkinson,Glenda.Wilkinson@yopmail.com,Glenda.Wilkinson@gmail.com,developer
365,Shauna,Bohlin,Shauna.Bohlin@yopmail.com,Shauna.Bohlin@gmail.com,developer
366,Lusa,Holbrook,Lusa.Holbrook@yopmail.com,Lusa.Holbrook@gmail.com,developer
367,Arabel,Sheedy,Arabel.Sheedy@yopmail.com,Arabel.Sheedy@gmail.com,firefighter
368,Elora,Ricarda,Elora.Ricarda@yopmail.com,Elora.Ricarda@gmail.com,police officer
369,Renie,Nadia,Renie.Nadia@yopmail.com,Renie.Nadia@gmail.com,developer
370,Margalo,Tomasina,Margalo.Tomasina@yopmail.com,Margalo.Tomasina@gmail.com,worker
371,Teriann,Firmin,Teriann.Firmin@yopmail.com,Teriann.Firmin@gmail.com,worker
372,Cassondra,Wiener,Cassondra.Wiener@yopmail.com,Cassondra.Wiener@gmail.com,police officer
373,Kial,Sherfield,Kial.Sherfield@yopmail.com,Kial.Sherfield@gmail.com,worker
374,Lily,Bluh,Lily.Bluh@yopmail.com,Lily.Bluh@gmail.com,worker
375,Nollie,Pierette,Nollie.Pierette@yopmail.com,Nollie.Pierette@gmail.com,doctor
376,Aurelie,O'Rourke,Aurelie.O'Rourke@yopmail.com,Aurelie.O'Rourke@gmail.com,firefighter
377,Leanna,Stuart,Leanna.Stuart@yopmail.com,Leanna.Stuart@gmail.com,worker
378,Letizia,Seagraves,Letizia.Seagraves@yopmail.com,Letizia.Seagraves@gmail.com,worker
379,Eadie,Keily,Eadie.Keily@yopmail.com,Eadie.Keily@gmail.com,police officer
380,Paule,Laverne,Paule.Laverne@yopmail.com,Paule.Laverne@gmail.com,developer
381,Perry,Alabaster,Perry.Alabaster@yopmail.com,Perry.Alabaster@gmail.com,firefighter
382,Micheline,Verger,Micheline.Verger@yopmail.com,Micheline.Verger@gmail.com,worker
383,Aili,Simmonds,Aili.Simmonds@yopmail.com,Aili.Simmonds@gmail.com,developer
384,Flo,Audly,Flo.Audly@yopmail.com,Flo.Audly@gmail.com,worker
385,Deloria,Pelagias,Deloria.Pelagias@yopmail.com,Deloria.Pelagias@gmail.com,worker
386,Magdalena,Noelyn,Magdalena.Noelyn@yopmail.com,Magdalena.Noelyn@gmail.com,doctor
387,Althea,Christal,Althea.Christal@yopmail.com,Althea.Christal@gmail.com,doctor
388,Evaleen,Elbertina,Evaleen.Elbertina@yopmail.com,Evaleen.Elbertina@gmail.com,worker
389,Aili,Roxanna,Aili.Roxanna@yopmail.com,Aili.Roxanna@gmail.com,doctor
390,Sherrie,Leffen,Sherrie.Leffen@yopmail.com,Sherrie.Leffen@gmail.com,police officer
391,Beth,Bach,Beth.Bach@yopmail.com,Beth.Bach@gmail.com,doctor
392,Nariko,Miru,Nariko.Miru@yopmail.com,Nariko.Miru@gmail.com,worker
393,Tressa,Wolfgram,Tressa.Wolfgram@yopmail.com,Tressa.Wolfgram@gmail.com,doctor
394,Bobbi,Hamil,Bobbi.Hamil@yopmail.com,Bobbi.Hamil@gmail.com,firefighter
395,Ardys,Rheingold,Ardys.Rheingold@yopmail.com,Ardys.Rheingold@gmail.com,developer
396,Collen,Ricki,Collen.Ricki@yopmail.com,Collen.Ricki@gmail.com,firefighter
397,Sindee,Diann,Sindee.Diann@yopmail.com,Sindee.Diann@gmail.com,worker
398,Raquela,Lasley,Raquela.Lasley@yopmail.com,Raquela.Lasley@gmail.com,doctor
399,Hayley,Rooney,Hayley.Rooney@yopmail.com,Hayley.Rooney@gmail.com,firefighter
400,Kore,Publia,Kore.Publia@yopmail.com,Kore.Publia@gmail.com,doctor
401,Neila,Matthew,Neila.Matthew@yopmail.com,Neila.Matthew@gmail.com,doctor
402,Lindie,Richers,Lindie.Richers@yopmail.com,Lindie.Richers@gmail.com,worker
403,Tomasina,Medrek,Tomasina.Medrek@yopmail.com,Tomasina.Medrek@gmail.com,worker
404,Michaelina,Weide,Michaelina.Weide@yopmail.com,Michaelina.Weide@gmail.com,doctor
405,Dolli,Maurine,Dolli.Maurine@yopmail.com,Dolli.Maurine@gmail.com,firefighter
406,Lucille,Delila,Lucille.Delila@yopmail.com,Lucille.Delila@gmail.com,developer
407,Emilia,Isidore,Emilia.Isidore@yopmail.com,Emilia.Isidore@gmail.com,developer
408,Gretal,Alice,Gretal.Alice@yopmail.com,Gretal.Alice@gmail.com,developer
409,Lexine,Ciapas,Lexine.Ciapas@yopmail.com,Lexine.Ciapas@gmail.com,developer
410,Ardenia,Nea,Ardenia.Nea@yopmail.com,Ardenia.Nea@gmail.com,worker
411,Cindelyn,Linskey,Cindelyn.Linskey@yopmail.com,Cindelyn.Linskey@gmail.com,developer
412,Felice,Freddi,Felice.Freddi@yopmail.com,Felice.Freddi@gmail.com,worker
413,Agnese,Infield,Agnese.Infield@yopmail.com,Agnese.Infield@gmail.com,worker
414,Josephine,Hessler,Josephine.Hessler@yopmail.com,Josephine.Hessler@gmail.com,doctor
415,Gwyneth,Loleta,Gwyneth.Loleta@yopmail.com,Gwyneth.Loleta@gmail.com,developer
416,Kenna,Tyson,Kenna.Tyson@yopmail.com,Kenna.Tyson@gmail.com,doctor
417,Annecorinne,Nicoline,Annecorinne.Nicoline@yopmail.com,Annecorinne.Nicoline@gmail.com,firefighter
418,Nessie,Jerald,Nessie.Jerald@yopmail.com,Nessie.Jerald@gmail.com,doctor
419,Darlleen,Center,Darlleen.Center@yopmail.com,Darlleen.Center@gmail.com,police officer
420,Charmaine,Stelle,Charmaine.Stelle@yopmail.com,Charmaine.Stelle@gmail.com,firefighter
421,Claudina,Erb,Claudina.Erb@yopmail.com,Claudina.Erb@gmail.com,doctor
422,Josephine,Croix,Josephine.Croix@yopmail.com,Josephine.Croix@gmail.com,firefighter
423,Hayley,Willie,Hayley.Willie@yopmail.com,Hayley.Willie@gmail.com,developer
424,Nickie,Doig,Nickie.Doig@yopmail.com,Nickie.Doig@gmail.com,worker
425,Tarra,Selway,Tarra.Selway@yopmail.com,Tarra.Selway@gmail.com,firefighter
426,Nikki,Vilma,Nikki.Vilma@yopmail.com,Nikki.Vilma@gmail.com,developer
427,Nadine,Naor,Nadine.Naor@yopmail.com,Nadine.Naor@gmail.com,doctor
428,Misha,Darian,Misha.Darian@yopmail.com,Misha.Darian@gmail.com,developer
429,Marcy,Destinee,Marcy.Destinee@yopmail.com,Marcy.Destinee@gmail.com,doctor
430,Calla,Rozanna,Calla.Rozanna@yopmail.com,Calla.Rozanna@gmail.com,police officer
431,Aigneis,Genna,Aigneis.Genna@yopmail.com,Aigneis.Genna@gmail.com,worker
432,Lucy,Rhu,Lucy.Rhu@yopmail.com,Lucy.Rhu@gmail.com,firefighter
433,Marline,Kannry,Marline.Kannry@yopmail.com,Marline.Kannry@gmail.com,developer
434,Lorenza,Gabrielli,Lorenza.Gabrielli@yopmail.com,Lorenza.Gabrielli@gmail.com,developer
435,Jacquetta,Danby,Jacquetta.Danby@yopmail.com,Jacquetta.Danby@gmail.com,firefighter
436,Korrie,Slifka,Korrie.Slifka@yopmail.com,Korrie.Slifka@gmail.com,developer
437,Candi,Heisel,Candi.Heisel@yopmail.com,Candi.Heisel@gmail.com,doctor
438,Annice,Pillsbury,Annice.Pillsbury@yopmail.com,Annice.Pillsbury@gmail.com,worker
439,Dennie,Moseley,Dennie.Moseley@yopmail.com,Dennie.Moseley@gmail.com,police officer
440,Darci,Emanuel,Darci.Emanuel@yopmail.com,Darci.Emanuel@gmail.com,developer
441,Celisse,Mullane,Celisse.Mullane@yopmail.com,Celisse.Mullane@gmail.com,firefighter
442,Queenie,Fleeta,Queenie.Fleeta@yopmail.com,Queenie.Fleeta@gmail.com,doctor
443,Jasmina,Lasley,Jasmina.Lasley@yopmail.com,Jasmina.Lasley@gmail.com,developer
444,Tori,Travax,Tori.Travax@yopmail.com,Tori.Travax@gmail.com,worker
445,Alexine,Roche,Alexine.Roche@yopmail.com,Alexine.Roche@gmail.com,doctor
446,Ethel,Presber,Ethel.Presber@yopmail.com,Ethel.Presber@gmail.com,doctor
447,Raquela,Eliathas,Raquela.Eliathas@yopmail.com,Raquela.Eliathas@gmail.com,developer
448,Sissy,Denis,Sissy.Denis@yopmail.com,Sissy.Denis@gmail.com,firefighter
449,Chandra,Gaspard,Chandra.Gaspard@yopmail.com,Chandra.Gaspard@gmail.com,police officer
450,Cissiee,Thad,Cissiee.Thad@yopmail.com,Cissiee.Thad@gmail.com,worker
451,Hyacinthe,Tamar,Hyacinthe.Tamar@yopmail.com,Hyacinthe.Tamar@gmail.com,doctor
452,Alyda,Hertzfeld,Alyda.Hertzfeld@yopmail.com,Alyda.Hertzfeld@gmail.com,firefighter
453,Bernardine,Hertzfeld,Bernardine.Hertzfeld@yopmail.com,Bernardine.Hertzfeld@gmail.com,police officer
454,Dagmar,Hermes,Dagmar.Hermes@yopmail.com,Dagmar.Hermes@gmail.com,police officer
455,Joceline,Leonard,Joceline.Leonard@yopmail.com,Joceline.Leonard@gmail.com,firefighter
456,Hollie,Eben,Hollie.Eben@yopmail.com,Hollie.Eben@gmail.com,police officer
457,Magdalena,Anderea,Magdalena.Anderea@yopmail.com,Magdalena.Anderea@gmail.com,police officer
458,Lorne,Niccolo,Lorne.Niccolo@yopmail.com,Lorne.Niccolo@gmail.com,developer
459,Sue,Carleen,Sue.Carleen@yopmail.com,Sue.Carleen@gmail.com,worker
460,Hayley,Durware,Hayley.Durware@yopmail.com,Hayley.Durware@gmail.com,doctor
461,Rebeca,Flyn,Rebeca.Flyn@yopmail.com,Rebeca.Flyn@gmail.com,doctor
462,Nicoli,Shuler,Nicoli.Shuler@yopmail.com,Nicoli.Shuler@gmail.com,doctor
463,Viviene,Tamar,Viviene.Tamar@yopmail.com,Viviene.Tamar@gmail.com,firefighter
464,Patricia,Klotz,Patricia.Klotz@yopmail.com,Patricia.Klotz@gmail.com,worker
465,Gisela,Kunin,Gisela.Kunin@yopmail.com,Gisela.Kunin@gmail.com,police officer
466,Elbertina,Jenness,Elbertina.Jenness@yopmail.com,Elbertina.Jenness@gmail.com,worker
467,Robbi,Lucienne,Robbi.Lucienne@yopmail.com,Robbi.Lucienne@gmail.com,worker
468,Phedra,Ulphia,Phedra.Ulphia@yopmail.com,Phedra.Ulphia@gmail.com,firefighter
469,Allis,Loleta,Allis.Loleta@yopmail.com,Allis.Loleta@gmail.com,firefighter
470,Luci,Orelee,Luci.Orelee@yopmail.com,Luci.Orelee@gmail.com,firefighter
471,Charissa,Arne,Charissa.Arne@yopmail.com,Charissa.Arne@gmail.com,doctor
472,Alisha,Virgin,Alisha.Virgin@yopmail.com,Alisha.Virgin@gmail.com,worker
473,Ginnie,Mata,Ginnie.Mata@yopmail.com,Ginnie.Mata@gmail.com,police officer
474,Latisha,Ball,Latisha.Ball@yopmail.com,Latisha.Ball@gmail.com,worker
475,Giustina,Croix,Giustina.Croix@yopmail.com,Giustina.Croix@gmail.com,doctor
476,Lesly,Euridice,Lesly.Euridice@yopmail.com,Lesly.Euridice@gmail.com,police officer
477,Xylina,Sholley,Xylina.Sholley@yopmail.com,Xylina.Sholley@gmail.com,police officer
478,Lorie,Parsaye,Lorie.Parsaye@yopmail.com,Lorie.Parsaye@gmail.com,doctor
479,Codie,Neva,Codie.Neva@yopmail.com,Codie.Neva@gmail.com,worker
480,Veda,Dituri,Veda.Dituri@yopmail.com,Veda.Dituri@gmail.com,firefighter
481,Justinn,Teryn,Justinn.Teryn@yopmail.com,Justinn.Teryn@gmail.com,worker
482,Vevay,Concha,Vevay.Concha@yopmail.com,Vevay.Concha@gmail.com,firefighter
483,Desirae,Telfer,Desirae.Telfer@yopmail.com,Desirae.Telfer@gmail.com,doctor
484,Phylis,Trey,Phylis.Trey@yopmail.com,Phylis.Trey@gmail.com,firefighter
485,Wanda,Boehike,Wanda.Boehike@yopmail.com,Wanda.Boehike@gmail.com,doctor
486,Sara-Ann,Jacinda,Sara-Ann.Jacinda@yopmail.com,Sara-Ann.Jacinda@gmail.com,worker
487,Caritta,Burch,Caritta.Burch@yopmail.com,Caritta.Burch@gmail.com,firefighter
488,Basia,Konyn,Basia.Konyn@yopmail.com,Basia.Konyn@gmail.com,doctor
489,Celestyna,Oriana,Celestyna.Oriana@yopmail.com,Celestyna.Oriana@gmail.com,developer
490,Henriette,Kelula,Henriette.Kelula@yopmail.com,Henriette.Kelula@gmail.com,police officer
491,Jean,Kevon,Jean.Kevon@yopmail.com,Jean.Kevon@gmail.com,worker
492,Hope,Lindemann,Hope.Lindemann@yopmail.com,Hope.Lindemann@gmail.com,worker
493,Natka,Lutero,Natka.Lutero@yopmail.com,Natka.Lutero@gmail.com,developer
494,Dotty,Concha,Dotty.Concha@yopmail.com,Dotty.Concha@gmail.com,doctor
495,Jeanna,Garrison,Jeanna.Garrison@yopmail.com,Jeanna.Garrison@gmail.com,doctor
496,Jany,Calhoun,Jany.Calhoun@yopmail.com,Jany.Calhoun@gmail.com,developer
497,Maurene,Kiersten,Maurene.Kiersten@yopmail.com,Maurene.Kiersten@gmail.com,developer
498,Aimil,Cherianne,Aimil.Cherianne@yopmail.com,Aimil.Cherianne@gmail.com,worker
499,Sallie,Croix,Sallie.Croix@yopmail.com,Sallie.Croix@gmail.com,worker
500,Phylis,Kat,Phylis.Kat@yopmail.com,Phylis.Kat@gmail.com,developer
501,Tierney,Gerge,Tierney.Gerge@yopmail.com,Tierney.Gerge@gmail.com,firefighter
502,Lacie,Valerio,Lacie.Valerio@yopmail.com,Lacie.Valerio@gmail.com,developer
503,Anica,Anestassia,Anica.Anestassia@yopmail.com,Anica.Anestassia@gmail.com,firefighter
504,Joleen,Erminia,Joleen.Erminia@yopmail.com,Joleen.Erminia@gmail.com,worker
505,Lila,Keelia,Lila.Keelia@yopmail.com,Lila.Keelia@gmail.com,police officer
506,Jsandye,Nisbet,Jsandye.Nisbet@yopmail.com,Jsandye.Nisbet@gmail.com,doctor
507,Maye,Atonsah,Maye.Atonsah@yopmail.com,Maye.Atonsah@gmail.com,police officer
508,Lexine,Goode,Lexine.Goode@yopmail.com,Lexine.Goode@gmail.com,firefighter
509,Josephine,Prouty,Josephine.Prouty@yopmail.com,Josephine.Prouty@gmail.com,worker
510,Wileen,Pettiford,Wileen.Pettiford@yopmail.com,Wileen.Pettiford@gmail.com,firefighter
511,Hermione,Peonir,Hermione.Peonir@yopmail.com,Hermione.Peonir@gmail.com,developer
512,Peri,Wildermuth,Peri.Wildermuth@yopmail.com,Peri.Wildermuth@gmail.com,worker
513,Oralee,Seessel,Oralee.Seessel@yopmail.com,Oralee.Seessel@gmail.com,doctor
514,Mara,Pozzy,Mara.Pozzy@yopmail.com,Mara.Pozzy@gmail.com,police officer
515,Agathe,Bearnard,Agathe.Bearnard@yopmail.com,Agathe.Bearnard@gmail.com,worker
516,Alyssa,Emerson,Alyssa.Emerson@yopmail.com,Alyssa.Emerson@gmail.com,police officer
517,Margarette,Hewitt,Margarette.Hewitt@yopmail.com,Margarette.Hewitt@gmail.com,police officer
518,Theodora,Hunfredo,Theodora.Hunfredo@yopmail.com,Theodora.Hunfredo@gmail.com,developer
519,Fanchon,Leopold,Fanchon.Leopold@yopmail.com,Fanchon.Leopold@gmail.com,developer
520,Donetta,Brenn,Donetta.Brenn@yopmail.com,Donetta.Brenn@gmail.com,police officer
521,Mariele,Dawkins,Mariele.Dawkins@yopmail.com,Mariele.Dawkins@gmail.com,police officer
522,Christal,Carbo,Christal.Carbo@yopmail.com,Christal.Carbo@gmail.com,doctor
523,Flory,Buffum,Flory.Buffum@yopmail.com,Flory.Buffum@gmail.com,worker
524,Binny,Seumas,Binny.Seumas@yopmail.com,Binny.Seumas@gmail.com,doctor
525,Annora,Romelda,Annora.Romelda@yopmail.com,Annora.Romelda@gmail.com,worker
526,Zondra,Randene,Zondra.Randene@yopmail.com,Zondra.Randene@gmail.com,developer
527,Elena,Henrie,Elena.Henrie@yopmail.com,Elena.Henrie@gmail.com,police officer
528,Sharai,Serilda,Sharai.Serilda@yopmail.com,Sharai.Serilda@gmail.com,developer
529,Mary,Pulsifer,Mary.Pulsifer@yopmail.com,Mary.Pulsifer@gmail.com,doctor
530,Glynnis,Nelsen,Glynnis.Nelsen@yopmail.com,Glynnis.Nelsen@gmail.com,doctor
531,Rosene,Nickola,Rosene.Nickola@yopmail.com,Rosene.Nickola@gmail.com,firefighter
532,Emma,Olin,Emma.Olin@yopmail.com,Emma.Olin@gmail.com,doctor
533,Oralee,Smitt,Oralee.Smitt@yopmail.com,Oralee.Smitt@gmail.com,doctor
534,Blondelle,Dom,Blondelle.Dom@yopmail.com,Blondelle.Dom@gmail.com,developer
535,Carree,Norrie,Carree.Norrie@yopmail.com,Carree.Norrie@gmail.com,doctor
536,Bill,Imelida,Bill.Imelida@yopmail.com,Bill.Imelida@gmail.com,worker
537,Althea,Chapland,Althea.Chapland@yopmail.com,Althea.Chapland@gmail.com,developer
538,Kylynn,Gherardo,Kylynn.Gherardo@yopmail.com,Kylynn.Gherardo@gmail.com,firefighter
539,Delilah,Tamar,Delilah.Tamar@yopmail.com,Delilah.Tamar@gmail.com,worker
540,Atlanta,Luhe,Atlanta.Luhe@yopmail.com,Atlanta.Luhe@gmail.com,doctor
541,Gilda,Rustice,Gilda.Rustice@yopmail.com,Gilda.Rustice@gmail.com,worker
542,Gavrielle,Schalles,Gavrielle.Schalles@yopmail.com,Gavrielle.Schalles@gmail.com,developer
543,Lizzie,Waite,Lizzie.Waite@yopmail.com,Lizzie.Waite@gmail.com,firefighter
544,Beth,Garrison,Beth.Garrison@yopmail.com,Beth.Garrison@gmail.com,police officer
545,Madeleine,Gavrila,Madeleine.Gavrila@yopmail.com,Madeleine.Gavrila@gmail.com,firefighter
546,Claresta,Yoko,Claresta.Yoko@yopmail.com,Claresta.Yoko@gmail.com,worker
547,Oralee,Wildermuth,Oralee.Wildermuth@yopmail.com,Oralee.Wildermuth@gmail.com,doctor
548,Alleen,Mendez,Alleen.Mendez@yopmail.com,Alleen.Mendez@gmail.com,police officer
549,Marnia,Bonilla,Marnia.Bonilla@yopmail.com,Marnia.Bonilla@gmail.com,firefighter
550,Sheelagh,Esmaria,Sheelagh.Esmaria@yopmail.com,Sheelagh.Esmaria@gmail.com,firefighter
551,Nanete,Pierette,Nanete.Pierette@yopmail.com,Nanete.Pierette@gmail.com,police officer
552,Cassandra,Alejoa,Cassandra.Alejoa@yopmail.com,Cassandra.Alejoa@gmail.com,firefighter
553,Dorthy,Blase,Dorthy.Blase@yopmail.com,Dorthy.Blase@gmail.com,worker
554,Ottilie,Khorma,Ottilie.Khorma@yopmail.com,Ottilie.Khorma@gmail.com,firefighter
555,Charissa,Jotham,Charissa.Jotham@yopmail.com,Charissa.Jotham@gmail.com,worker
556,Gisela,Martguerita,Gisela.Martguerita@yopmail.com,Gisela.Martguerita@gmail.com,worker
557,Lilith,Hillel,Lilith.Hillel@yopmail.com,Lilith.Hillel@gmail.com,doctor
558,Zondra,Kolnick,Zondra.Kolnick@yopmail.com,Zondra.Kolnick@gmail.com,worker
559,Leeanne,O'Neill,Leeanne.O'Neill@yopmail.com,Leeanne.O'Neill@gmail.com,police officer
560,Hettie,Sidonius,Hettie.Sidonius@yopmail.com,Hettie.Sidonius@gmail.com,police officer
561,Mariann,Howlyn,Mariann.Howlyn@yopmail.com,Mariann.Howlyn@gmail.com,doctor
562,Adele,Stelle,Adele.Stelle@yopmail.com,Adele.Stelle@gmail.com,developer
563,Gusty,Maryanne,Gusty.Maryanne@yopmail.com,Gusty.Maryanne@gmail.com,police officer
564,Jobi,Weitman,Jobi.Weitman@yopmail.com,Jobi.Weitman@gmail.com,firefighter
565,Cathie,Dorcy,Cathie.Dorcy@yopmail.com,Cathie.Dorcy@gmail.com,firefighter
566,Lucy,Bashemeth,Lucy.Bashemeth@yopmail.com,Lucy.Bashemeth@gmail.com,police officer
567,Teriann,Tristram,Teriann.Tristram@yopmail.com,Teriann.Tristram@gmail.com,police officer
568,Raf,Margarete,Raf.Margarete@yopmail.com,Raf.Margarete@gmail.com,doctor
569,Berta,Tengdin,Berta.Tengdin@yopmail.com,Berta.Tengdin@gmail.com,worker
570,Abbie,Euridice,Abbie.Euridice@yopmail.com,Abbie.Euridice@gmail.com,developer
571,Celisse,Presber,Celisse.Presber@yopmail.com,Celisse.Presber@gmail.com,developer
572,Delilah,Camden,Delilah.Camden@yopmail.com,Delilah.Camden@gmail.com,developer
573,Celisse,Huggins,Celisse.Huggins@yopmail.com,Celisse.Huggins@gmail.com,worker
574,Rayna,Cassius,Rayna.Cassius@yopmail.com,Rayna.Cassius@gmail.com,developer
575,Angela,Afton,Angela.Afton@yopmail.com,Angela.Afton@gmail.com,firefighter
576,Nananne,Silvan,Nananne.Silvan@yopmail.com,Nananne.Silvan@gmail.com,police officer
577,Bertine,Joseph,Bertine.Joseph@yopmail.com,Bertine.Joseph@gmail.com,firefighter
578,Roz,Angelis,Roz.Angelis@yopmail.com,Roz.Angelis@gmail.com,worker
579,Xylina,Nisbet,Xylina.Nisbet@yopmail.com,Xylina.Nisbet@gmail.com,doctor
580,Brooks,Leler,Brooks.Leler@yopmail.com,Brooks.Leler@gmail.com,firefighter
581,Malina,Gusella,Malina.Gusella@yopmail.com,Malina.Gusella@gmail.com,police officer
582,Kimmy,Carbo,Kimmy.Carbo@yopmail.com,Kimmy.Carbo@gmail.com,police officer
583,Leeanne,Hessler,Leeanne.Hessler@yopmail.com,Leeanne.Hessler@gmail.com,doctor
584,Livvyy,Breed,Livvyy.Breed@yopmail.com,Livvyy.Breed@gmail.com,firefighter
585,Violet,Malina,Violet.Malina@yopmail.com,Violet.Malina@gmail.com,police officer
586,Dode,Valerio,Dode.Valerio@yopmail.com,Dode.Valerio@gmail.com,police officer
587,Judy,Lattie,Judy.Lattie@yopmail.com,Judy.Lattie@gmail.com,worker
588,Beth,Jorgan,Beth.Jorgan@yopmail.com,Beth.Jorgan@gmail.com,developer
589,Concettina,Brady,Concettina.Brady@yopmail.com,Concettina.Brady@gmail.com,developer
590,Mariele,Azeria,Mariele.Azeria@yopmail.com,Mariele.Azeria@gmail.com,firefighter
591,Lucille,Eckblad,Lucille.Eckblad@yopmail.com,Lucille.Eckblad@gmail.com,developer
592,Hollie,Faust,Hollie.Faust@yopmail.com,Hollie.Faust@gmail.com,worker
593,Cristabel,Docilla,Cristabel.Docilla@yopmail.com,Cristabel.Docilla@gmail.com,doctor
594,Barbara,Kylander,Barbara.Kylander@yopmail.com,Barbara.Kylander@gmail.com,worker
595,Beth,Jerald,Beth.Jerald@yopmail.com,Beth.Jerald@gmail.com,doctor
596,Christy,Lamoree,Christy.Lamoree@yopmail.com,Christy.Lamoree@gmail.com,firefighter
597,Bill,Sheng,Bill.Sheng@yopmail.com,Bill.Sheng@gmail.com,firefighter
598,Tonia,Francyne,Tonia.Francyne@yopmail.com,Tonia.Francyne@gmail.com,developer
599,Almeta,Ries,Almeta.Ries@yopmail.com,Almeta.Ries@gmail.com,police officer
600,Nikki,Macey,Nikki.Macey@yopmail.com,Nikki.Macey@gmail.com,worker
601,Gertrud,Kauppi,Gertrud.Kauppi@yopmail.com,Gertrud.Kauppi@gmail.com,developer
602,Kirstin,Anastatius,Kirstin.Anastatius@yopmail.com,Kirstin.Anastatius@gmail.com,worker
603,Lynea,Emmaline,Lynea.Emmaline@yopmail.com,Lynea.Emmaline@gmail.com,doctor
604,Silvana,Colbert,Silvana.Colbert@yopmail.com,Silvana.Colbert@gmail.com,doctor
605,Frances,Carlson,Frances.Carlson@yopmail.com,Frances.Carlson@gmail.com,firefighter
606,Lenna,Palocz,Lenna.Palocz@yopmail.com,Lenna.Palocz@gmail.com,worker
607,Merry,Ioab,Merry.Ioab@yopmail.com,Merry.Ioab@gmail.com,worker
608,Raina,Hollingsworth,Raina.Hollingsworth@yopmail.com,Raina.Hollingsworth@gmail.com,police officer
609,Jillayne,Cullin,Jillayne.Cullin@yopmail.com,Jillayne.Cullin@gmail.com,worker
610,Eadie,Shuler,Eadie.Shuler@yopmail.com,Eadie.Shuler@gmail.com,developer
611,Berget,Cristi,Berget.Cristi@yopmail.com,Berget.Cristi@gmail.com,worker
612,Grier,Ortrude,Grier.Ortrude@yopmail.com,Grier.Ortrude@gmail.com,developer
613,Chandra,Sidonius,Chandra.Sidonius@yopmail.com,Chandra.Sidonius@gmail.com,doctor
614,Fred,Magnolia,Fred.Magnolia@yopmail.com,Fred.Magnolia@gmail.com,worker
615,Janenna,Tybald,Janenna.Tybald@yopmail.com,Janenna.Tybald@gmail.com,firefighter
616,Tabbatha,Ventre,Tabbatha.Ventre@yopmail.com,Tabbatha.Ventre@gmail.com,police officer
617,Joceline,Karna,Joceline.Karna@yopmail.com,Joceline.Karna@gmail.com,doctor
618,Zsa Zsa,Auberbach,Zsa Zsa.Auberbach@yopmail.com,Zsa Zsa.Auberbach@gmail.com,police officer
619,Donnie,Breed,Donnie.Breed@yopmail.com,Donnie.Breed@gmail.com,police officer
620,Ilse,Amethist,Ilse.Amethist@yopmail.com,Ilse.Amethist@gmail.com,developer
621,Arabel,Jobi,Arabel.Jobi@yopmail.com,Arabel.Jobi@gmail.com,police officer
622,Rubie,Campball,Rubie.Campball@yopmail.com,Rubie.Campball@gmail.com,doctor
623,Carly,Hashim,Carly.Hashim@yopmail.com,Carly.Hashim@gmail.com,worker
624,Dione,Hebner,Dione.Hebner@yopmail.com,Dione.Hebner@gmail.com,police officer
625,Rhea,Ball,Rhea.Ball@yopmail.com,Rhea.Ball@gmail.com,doctor
626,Jan,Corrine,Jan.Corrine@yopmail.com,Jan.Corrine@gmail.com,developer
627,Miquela,Constancy,Miquela.Constancy@yopmail.com,Miquela.Constancy@gmail.com,developer
628,Winifred,Diogenes,Winifred.Diogenes@yopmail.com,Winifred.Diogenes@gmail.com,worker
629,Flo,Blisse,Flo.Blisse@yopmail.com,Flo.Blisse@gmail.com,worker
630,Joleen,Simmonds,Joleen.Simmonds@yopmail.com,Joleen.Simmonds@gmail.com,firefighter
631,Roseline,Lucienne,Roseline.Lucienne@yopmail.com,Roseline.Lucienne@gmail.com,worker
632,Kassey,Faro,Kassey.Faro@yopmail.com,Kassey.Faro@gmail.com,developer
633,Perry,Merat,Perry.Merat@yopmail.com,Perry.Merat@gmail.com,doctor
634,Julieta,Infield,Julieta.Infield@yopmail.com,Julieta.Infield@gmail.com,developer
635,Bill,Simmonds,Bill.Simmonds@yopmail.com,Bill.Simmonds@gmail.com,police officer
636,Rivalee,Bashemeth,Rivalee.Bashemeth@yopmail.com,Rivalee.Bashemeth@gmail.com,firefighter
637,Ardeen,Mathilde,Ardeen.Mathilde@yopmail.com,Ardeen.Mathilde@gmail.com,doctor
638,Catrina,Fadiman,Catrina.Fadiman@yopmail.com,Catrina.Fadiman@gmail.com,doctor
639,Elmira,Sperling,Elmira.Sperling@yopmail.com,Elmira.Sperling@gmail.com,firefighter
640,Joelly,Duwalt,Joelly.Duwalt@yopmail.com,Joelly.Duwalt@gmail.com,police officer
641,Beth,Dichy,Beth.Dichy@yopmail.com,Beth.Dichy@gmail.com,firefighter
642,Philis,August,Philis.August@yopmail.com,Philis.August@gmail.com,developer
643,Elbertina,Dudley,Elbertina.Dudley@yopmail.com,Elbertina.Dudley@gmail.com,police officer
644,Corene,Hurley,Corene.Hurley@yopmail.com,Corene.Hurley@gmail.com,doctor
645,Cristabel,Stefa,Cristabel.Stefa@yopmail.com,Cristabel.Stefa@gmail.com,firefighter
646,Nessie,Dearborn,Nessie.Dearborn@yopmail.com,Nessie.Dearborn@gmail.com,doctor
647,Sherrie,Weide,Sherrie.Weide@yopmail.com,Sherrie.Weide@gmail.com,developer
648,Leona,Kauppi,Leona.Kauppi@yopmail.com,Leona.Kauppi@gmail.com,worker
649,Reeba,Carlson,Reeba.Carlson@yopmail.com,Reeba.Carlson@gmail.com,police officer
650,Ana,Eachern,Ana.Eachern@yopmail.com,Ana.Eachern@gmail.com,firefighter
651,Lorne,Federica,Lorne.Federica@yopmail.com,Lorne.Federica@gmail.com,worker
652,Roslyn,Lail,Roslyn.Lail@yopmail.com,Roslyn.Lail@gmail.com,developer
653,Goldie,Amadas,Goldie.Amadas@yopmail.com,Goldie.Amadas@gmail.com,doctor
654,Louella,Lanita,Louella.Lanita@yopmail.com,Louella.Lanita@gmail.com,developer
655,Florencia,Gordon,Florencia.Gordon@yopmail.com,Florencia.Gordon@gmail.com,doctor
656,Malina,Chauncey,Malina.Chauncey@yopmail.com,Malina.Chauncey@gmail.com,developer
657,Tami,Dawkins,Tami.Dawkins@yopmail.com,Tami.Dawkins@gmail.com,developer
658,Pearline,Dyche,Pearline.Dyche@yopmail.com,Pearline.Dyche@gmail.com,police officer
659,Silvana,Claudine,Silvana.Claudine@yopmail.com,Silvana.Claudine@gmail.com,doctor
660,Dode,Artie,Dode.Artie@yopmail.com,Dode.Artie@gmail.com,doctor
661,Wynne,Zola,Wynne.Zola@yopmail.com,Wynne.Zola@gmail.com,police officer
662,Ingrid,Podvin,Ingrid.Podvin@yopmail.com,Ingrid.Podvin@gmail.com,firefighter
663,Ermengarde,Garlinda,Ermengarde.Garlinda@yopmail.com,Ermengarde.Garlinda@gmail.com,developer
664,Lily,Hathaway,Lily.Hathaway@yopmail.com,Lily.Hathaway@gmail.com,doctor
665,Mildrid,Jacinda,Mildrid.Jacinda@yopmail.com,Mildrid.Jacinda@gmail.com,police officer
666,Britni,Haymes,Britni.Haymes@yopmail.com,Britni.Haymes@gmail.com,police officer
667,Alex,Kauppi,Alex.Kauppi@yopmail.com,Alex.Kauppi@gmail.com,developer
668,Correy,Bluh,Correy.Bluh@yopmail.com,Correy.Bluh@gmail.com,police officer
669,Almeta,Felecia,Almeta.Felecia@yopmail.com,Almeta.Felecia@gmail.com,police officer
670,Bibby,Dannye,Bibby.Dannye@yopmail.com,Bibby.Dannye@gmail.com,police officer
671,Shirlee,Yoko,Shirlee.Yoko@yopmail.com,Shirlee.Yoko@gmail.com,firefighter
672,Peri,Eben,Peri.Eben@yopmail.com,Peri.Eben@gmail.com,police officer
673,June,Ummersen,June.Ummersen@yopmail.com,June.Ummersen@gmail.com,doctor
674,Abbie,Bow,Abbie.Bow@yopmail.com,Abbie.Bow@gmail.com,worker
675,Candy,Shuler,Candy.Shuler@yopmail.com,Candy.Shuler@gmail.com,worker
676,Lizzie,Niccolo,Lizzie.Niccolo@yopmail.com,Lizzie.Niccolo@gmail.com,worker
677,Rebeca,Ailyn,Rebeca.Ailyn@yopmail.com,Rebeca.Ailyn@gmail.com,firefighter
678,Britte,Karna,Britte.Karna@yopmail.com,Britte.Karna@gmail.com,police officer
679,Dacia,Phyllis,Dacia.Phyllis@yopmail.com,Dacia.Phyllis@gmail.com,worker
680,Dulcinea,Salchunas,Dulcinea.Salchunas@yopmail.com,Dulcinea.Salchunas@gmail.com,doctor
681,Ida,Daveta,Ida.Daveta@yopmail.com,Ida.Daveta@gmail.com,doctor
682,Delilah,Jarib,Delilah.Jarib@yopmail.com,Delilah.Jarib@gmail.com,firefighter
683,Fina,Cosenza,Fina.Cosenza@yopmail.com,Fina.Cosenza@gmail.com,doctor
684,Frank,Redmond,Frank.Redmond@yopmail.com,Frank.Redmond@gmail.com,developer
685,Celestyna,Loring,Celestyna.Loring@yopmail.com,Celestyna.Loring@gmail.com,worker
686,Annecorinne,Schenck,Annecorinne.Schenck@yopmail.com,Annecorinne.Schenck@gmail.com,developer
687,Willetta,Rosalba,Willetta.Rosalba@yopmail.com,Willetta.Rosalba@gmail.com,developer
688,Shandie,Flyn,Shandie.Flyn@yopmail.com,Shandie.Flyn@gmail.com,firefighter
689,Gabi,Hermes,Gabi.Hermes@yopmail.com,Gabi.Hermes@gmail.com,doctor
690,Natka,Waite,Natka.Waite@yopmail.com,Natka.Waite@gmail.com,doctor
691,Julieta,Masao,Julieta.Masao@yopmail.com,Julieta.Masao@gmail.com,doctor
692,Sean,Jobi,Sean.Jobi@yopmail.com,Sean.Jobi@gmail.com,worker
693,Queenie,Moina,Queenie.Moina@yopmail.com,Queenie.Moina@gmail.com,firefighter
694,Beth,Ethban,Beth.Ethban@yopmail.com,Beth.Ethban@gmail.com,worker
695,Perry,Jotham,Perry.Jotham@yopmail.com,Perry.Jotham@gmail.com,developer
696,Gwyneth,Annice,Gwyneth.Annice@yopmail.com,Gwyneth.Annice@gmail.com,police officer
697,Angela,Hoenack,Angela.Hoenack@yopmail.com,Angela.Hoenack@gmail.com,police officer
698,Roseline,Halla,Roseline.Halla@yopmail.com,Roseline.Halla@gmail.com,police officer
699,Correy,Bari,Correy.Bari@yopmail.com,Correy.Bari@gmail.com,developer
700,Amii,Maurine,Amii.Maurine@yopmail.com,Amii.Maurine@gmail.com,developer
701,Basia,Boycey,Basia.Boycey@yopmail.com,Basia.Boycey@gmail.com,doctor
702,Merle,Malanie,Merle.Malanie@yopmail.com,Merle.Malanie@gmail.com,police officer
703,Wanda,Narton,Wanda.Narton@yopmail.com,Wanda.Narton@gmail.com,firefighter
704,Gloria,Chapland,Gloria.Chapland@yopmail.com,Gloria.Chapland@gmail.com,firefighter
705,Ardeen,Kat,Ardeen.Kat@yopmail.com,Ardeen.Kat@gmail.com,firefighter
706,Alyda,Katrine,Alyda.Katrine@yopmail.com,Alyda.Katrine@gmail.com,police officer
707,Maridel,Therine,Maridel.Therine@yopmail.com,Maridel.Therine@gmail.com,worker
708,Viviene,Cordi,Viviene.Cordi@yopmail.com,Viviene.Cordi@gmail.com,doctor
709,Lolita,Oster,Lolita.Oster@yopmail.com,Lolita.Oster@gmail.com,doctor
710,Cristine,Cleo,Cristine.Cleo@yopmail.com,Cristine.Cleo@gmail.com,developer
711,Genovera,Germann,Genovera.Germann@yopmail.com,Genovera.Germann@gmail.com,worker
712,Courtnay,Clara,Courtnay.Clara@yopmail.com,Courtnay.Clara@gmail.com,doctor
713,Sara-Ann,Macey,Sara-Ann.Macey@yopmail.com,Sara-Ann.Macey@gmail.com,developer
714,Tina,Natica,Tina.Natica@yopmail.com,Tina.Natica@gmail.com,developer
715,Belva,Mike,Belva.Mike@yopmail.com,Belva.Mike@gmail.com,police officer
716,Penelopa,Engdahl,Penelopa.Engdahl@yopmail.com,Penelopa.Engdahl@gmail.com,doctor
717,Olwen,Himelman,Olwen.Himelman@yopmail.com,Olwen.Himelman@gmail.com,firefighter
718,Melodie,Kesley,Melodie.Kesley@yopmail.com,Melodie.Kesley@gmail.com,worker
719,Mellicent,Hailee,Mellicent.Hailee@yopmail.com,Mellicent.Hailee@gmail.com,developer
720,Mahalia,Faust,Mahalia.Faust@yopmail.com,Mahalia.Faust@gmail.com,doctor
721,Carmela,Ardra,Carmela.Ardra@yopmail.com,Carmela.Ardra@gmail.com,police officer
722,Lila,Saree,Lila.Saree@yopmail.com,Lila.Saree@gmail.com,worker
723,Dale,Erich,Dale.Erich@yopmail.com,Dale.Erich@gmail.com,firefighter
724,Clarice,Harriman,Clarice.Harriman@yopmail.com,Clarice.Harriman@gmail.com,police officer
725,Sadie,Hazlett,Sadie.Hazlett@yopmail.com,Sadie.Hazlett@gmail.com,firefighter
726,Joeann,Aprile,Joeann.Aprile@yopmail.com,Joeann.Aprile@gmail.com,developer
727,Dione,Cassius,Dione.Cassius@yopmail.com,Dione.Cassius@gmail.com,firefighter
728,Eve,Jeanne,Eve.Jeanne@yopmail.com,Eve.Jeanne@gmail.com,police officer
729,Charissa,Skurnik,Charissa.Skurnik@yopmail.com,Charissa.Skurnik@gmail.com,developer
730,Kittie,Stover,Kittie.Stover@yopmail.com,Kittie.Stover@gmail.com,police officer
731,Tierney,Ardra,Tierney.Ardra@yopmail.com,Tierney.Ardra@gmail.com,worker
732,Dulcinea,Emerson,Dulcinea.Emerson@yopmail.com,Dulcinea.Emerson@gmail.com,worker
733,Kassey,Buckler,Kassey.Buckler@yopmail.com,Kassey.Buckler@gmail.com,police officer
734,Melisent,Tatianas,Melisent.Tatianas@yopmail.com,Melisent.Tatianas@gmail.com,police officer
735,Giustina,Rooney,Giustina.Rooney@yopmail.com,Giustina.Rooney@gmail.com,developer
736,Kellen,Himelman,Kellen.Himelman@yopmail.com,Kellen.Himelman@gmail.com,police officer
737,Tani,Clara,Tani.Clara@yopmail.com,Tani.Clara@gmail.com,firefighter
738,Valeda,Wattenberg,Valeda.Wattenberg@yopmail.com,Valeda.Wattenberg@gmail.com,worker
739,Ulrike,Hanshaw,Ulrike.Hanshaw@yopmail.com,Ulrike.Hanshaw@gmail.com,firefighter
740,Chickie,Aldric,Chickie.Aldric@yopmail.com,Chickie.Aldric@gmail.com,developer
741,Helsa,Greyson,Helsa.Greyson@yopmail.com,Helsa.Greyson@gmail.com,police officer
742,Benita,Klemperer,Benita.Klemperer@yopmail.com,Benita.Klemperer@gmail.com,worker
743,Rubie,Ezar,Rubie.Ezar@yopmail.com,Rubie.Ezar@gmail.com,doctor
744,Elie,Maxi,Elie.Maxi@yopmail.com,Elie.Maxi@gmail.com,firefighter
745,Gavrielle,Buttaro,Gavrielle.Buttaro@yopmail.com,Gavrielle.Buttaro@gmail.com,developer
746,Kary,Ranjiv,Kary.Ranjiv@yopmail.com,Kary.Ranjiv@gmail.com,firefighter
747,Almeta,Ivens,Almeta.Ivens@yopmail.com,Almeta.Ivens@gmail.com,worker
748,Mara,Sabella,Mara.Sabella@yopmail.com,Mara.Sabella@gmail.com,doctor
749,Isa,Seligman,Isa.Seligman@yopmail.com,Isa.Seligman@gmail.com,doctor
750,Merci,Rona,Merci.Rona@yopmail.com,Merci.Rona@gmail.com,worker
751,Nyssa,Creamer,Nyssa.Creamer@yopmail.com,Nyssa.Creamer@gmail.com,worker
752,Sissy,Trinetta,Sissy.Trinetta@yopmail.com,Sissy.Trinetta@gmail.com,doctor
753,Neila,Herrera,Neila.Herrera@yopmail.com,Neila.Herrera@gmail.com,police officer
754,Gilligan,Dorine,Gilligan.Dorine@yopmail.com,Gilligan.Dorine@gmail.com,developer
755,Viviene,Kinnard,Viviene.Kinnard@yopmail.com,Viviene.Kinnard@gmail.com,firefighter
756,Winifred,Geffner,Winifred.Geffner@yopmail.com,Winifred.Geffner@gmail.com,police officer
757,Gavrielle,Leary,Gavrielle.Leary@yopmail.com,Gavrielle.Leary@gmail.com,firefighter
758,Britni,Danby,Britni.Danby@yopmail.com,Britni.Danby@gmail.com,worker
759,Jennica,Weaks,Jennica.Weaks@yopmail.com,Jennica.Weaks@gmail.com,worker
760,Rozele,Niccolo,Rozele.Niccolo@yopmail.com,Rozele.Niccolo@gmail.com,worker
761,Viviene,Han,Viviene.Han@yopmail.com,Viviene.Han@gmail.com,doctor
762,Talya,Travax,Talya.Travax@yopmail.com,Talya.Travax@gmail.com,police officer
763,Therine,Kiyoshi,Therine.Kiyoshi@yopmail.com,Therine.Kiyoshi@gmail.com,developer
764,Georgina,Ventre,Georgina.Ventre@yopmail.com,Georgina.Ventre@gmail.com,police officer
765,Deloria,Eno,Deloria.Eno@yopmail.com,Deloria.Eno@gmail.com,worker
766,Jobi,Astra,Jobi.Astra@yopmail.com,Jobi.Astra@gmail.com,firefighter
767,Nollie,Syd,Nollie.Syd@yopmail.com,Nollie.Syd@gmail.com,doctor
768,Christian,Rolf,Christian.Rolf@yopmail.com,Christian.Rolf@gmail.com,developer
769,Hyacinthe,Tatianas,Hyacinthe.Tatianas@yopmail.com,Hyacinthe.Tatianas@gmail.com,developer
770,Rhea,Diogenes,Rhea.Diogenes@yopmail.com,Rhea.Diogenes@gmail.com,worker
771,Ethel,Bertold,Ethel.Bertold@yopmail.com,Ethel.Bertold@gmail.com,worker
772,Ingrid,Francene,Ingrid.Francene@yopmail.com,Ingrid.Francene@gmail.com,police officer
773,Britni,Capello,Britni.Capello@yopmail.com,Britni.Capello@gmail.com,doctor
774,Katleen,Clara,Katleen.Clara@yopmail.com,Katleen.Clara@gmail.com,police officer
775,Tressa,Schroth,Tressa.Schroth@yopmail.com,Tressa.Schroth@gmail.com,firefighter
776,Johna,Avi,Johna.Avi@yopmail.com,Johna.Avi@gmail.com,doctor
777,Tiffie,Alfons,Tiffie.Alfons@yopmail.com,Tiffie.Alfons@gmail.com,developer
778,Renie,Gregrory,Renie.Gregrory@yopmail.com,Renie.Gregrory@gmail.com,police officer
779,Darlleen,Colleen,Darlleen.Colleen@yopmail.com,Darlleen.Colleen@gmail.com,doctor
780,Edee,Alabaster,Edee.Alabaster@yopmail.com,Edee.Alabaster@gmail.com,worker
781,Elsie,Rosemary,Elsie.Rosemary@yopmail.com,Elsie.Rosemary@gmail.com,developer
782,Neila,Dorine,Neila.Dorine@yopmail.com,Neila.Dorine@gmail.com,worker
783,Joy,McAdams,Joy.McAdams@yopmail.com,Joy.McAdams@gmail.com,worker
784,Lesly,Hubert,Lesly.Hubert@yopmail.com,Lesly.Hubert@gmail.com,developer
785,Tybie,Cutlerr,Tybie.Cutlerr@yopmail.com,Tybie.Cutlerr@gmail.com,developer
786,Debee,Charity,Debee.Charity@yopmail.com,Debee.Charity@gmail.com,developer
787,Agathe,Katrine,Agathe.Katrine@yopmail.com,Agathe.Katrine@gmail.com,worker
788,Stevana,Loring,Stevana.Loring@yopmail.com,Stevana.Loring@gmail.com,worker
789,Veda,Kronfeld,Veda.Kronfeld@yopmail.com,Veda.Kronfeld@gmail.com,firefighter
790,Demetris,Delila,Demetris.Delila@yopmail.com,Demetris.Delila@gmail.com,worker
791,Carlie,Nelsen,Carlie.Nelsen@yopmail.com,Carlie.Nelsen@gmail.com,police officer
792,Tracey,Capello,Tracey.Capello@yopmail.com,Tracey.Capello@gmail.com,worker
793,Lizzie,Joachim,Lizzie.Joachim@yopmail.com,Lizzie.Joachim@gmail.com,developer
794,Wileen,Meter,Wileen.Meter@yopmail.com,Wileen.Meter@gmail.com,firefighter
795,Gerrie,Keelia,Gerrie.Keelia@yopmail.com,Gerrie.Keelia@gmail.com,doctor
796,Shel,Irmine,Shel.Irmine@yopmail.com,Shel.Irmine@gmail.com,developer
797,Danny,Douglass,Danny.Douglass@yopmail.com,Danny.Douglass@gmail.com,firefighter
798,Rochette,Brieta,Rochette.Brieta@yopmail.com,Rochette.Brieta@gmail.com,worker
799,Allis,Caitlin,Allis.Caitlin@yopmail.com,Allis.Caitlin@gmail.com,doctor
800,Merle,Erskine,Merle.Erskine@yopmail.com,Merle.Erskine@gmail.com,doctor
801,Alia,Ochs,Alia.Ochs@yopmail.com,Alia.Ochs@gmail.com,doctor
802,Karlee,Delacourt,Karlee.Delacourt@yopmail.com,Karlee.Delacourt@gmail.com,firefighter
803,Sharlene,Tybald,Sharlene.Tybald@yopmail.com,Sharlene.Tybald@gmail.com,police officer
804,Willetta,Gino,Willetta.Gino@yopmail.com,Willetta.Gino@gmail.com,police officer
805,Nessie,Sherfield,Nessie.Sherfield@yopmail.com,Nessie.Sherfield@gmail.com,developer
806,Layla,Gilbertson,Layla.Gilbertson@yopmail.com,Layla.Gilbertson@gmail.com,firefighter
807,Priscilla,Philipp,Priscilla.Philipp@yopmail.com,Priscilla.Philipp@gmail.com,developer
808,Dawn,Darian,Dawn.Darian@yopmail.com,Dawn.Darian@gmail.com,police officer
809,Jeanna,Abernon,Jeanna.Abernon@yopmail.com,Jeanna.Abernon@gmail.com,police officer
810,Cordi,An,Cordi.An@yopmail.com,Cordi.An@gmail.com,doctor
811,Demetris,Bennie,Demetris.Bennie@yopmail.com,Demetris.Bennie@gmail.com,developer
812,Lindie,Evangelia,Lindie.Evangelia@yopmail.com,Lindie.Evangelia@gmail.com,firefighter
813,Ursulina,Holtz,Ursulina.Holtz@yopmail.com,Ursulina.Holtz@gmail.com,doctor
814,Ingrid,Himelman,Ingrid.Himelman@yopmail.com,Ingrid.Himelman@gmail.com,worker
815,Aubrie,Hebner,Aubrie.Hebner@yopmail.com,Aubrie.Hebner@gmail.com,doctor
816,Corene,Turne,Corene.Turne@yopmail.com,Corene.Turne@gmail.com,firefighter
817,Aimil,Hutchison,Aimil.Hutchison@yopmail.com,Aimil.Hutchison@gmail.com,developer
818,Taffy,Ruvolo,Taffy.Ruvolo@yopmail.com,Taffy.Ruvolo@gmail.com,police officer
819,Vevay,Ciro,Vevay.Ciro@yopmail.com,Vevay.Ciro@gmail.com,doctor
820,Edith,Autrey,Edith.Autrey@yopmail.com,Edith.Autrey@gmail.com,doctor
821,Teriann,Jobi,Teriann.Jobi@yopmail.com,Teriann.Jobi@gmail.com,doctor
822,Gui,Anderea,Gui.Anderea@yopmail.com,Gui.Anderea@gmail.com,firefighter
823,Alex,Jacobah,Alex.Jacobah@yopmail.com,Alex.Jacobah@gmail.com,firefighter
824,Ellette,Shirberg,Ellette.Shirberg@yopmail.com,Ellette.Shirberg@gmail.com,firefighter
825,Alexine,Hartnett,Alexine.Hartnett@yopmail.com,Alexine.Hartnett@gmail.com,police officer
826,Randa,Delacourt,Randa.Delacourt@yopmail.com,Randa.Delacourt@gmail.com,police officer
827,Theodora,Elo,Theodora.Elo@yopmail.com,Theodora.Elo@gmail.com,developer
828,Ezmeralda,Hessler,Ezmeralda.Hessler@yopmail.com,Ezmeralda.Hessler@gmail.com,police officer
829,Teddie,Morgun,Teddie.Morgun@yopmail.com,Teddie.Morgun@gmail.com,developer
830,Jillayne,Felizio,Jillayne.Felizio@yopmail.com,Jillayne.Felizio@gmail.com,police officer
831,Nelle,Hanleigh,Nelle.Hanleigh@yopmail.com,Nelle.Hanleigh@gmail.com,developer
832,Janis,Buckler,Janis.Buckler@yopmail.com,Janis.Buckler@gmail.com,worker
833,Vevay,Lymann,Vevay.Lymann@yopmail.com,Vevay.Lymann@gmail.com,developer
834,Doralynne,Wiener,Doralynne.Wiener@yopmail.com,Doralynne.Wiener@gmail.com,developer
835,Eve,Hilbert,Eve.Hilbert@yopmail.com,Eve.Hilbert@gmail.com,police officer
836,Hettie,Fillbert,Hettie.Fillbert@yopmail.com,Hettie.Fillbert@gmail.com,police officer
837,Morganica,Haymes,Morganica.Haymes@yopmail.com,Morganica.Haymes@gmail.com,police officer
838,Charlena,Pascia,Charlena.Pascia@yopmail.com,Charlena.Pascia@gmail.com,police officer
839,Courtnay,Kirbee,Courtnay.Kirbee@yopmail.com,Courtnay.Kirbee@gmail.com,doctor
840,Georgina,Erlandson,Georgina.Erlandson@yopmail.com,Georgina.Erlandson@gmail.com,worker
841,Anica,Brieta,Anica.Brieta@yopmail.com,Anica.Brieta@gmail.com,firefighter
842,Lanna,Connelly,Lanna.Connelly@yopmail.com,Lanna.Connelly@gmail.com,worker
843,Charmaine,O'Carroll,Charmaine.O'Carroll@yopmail.com,Charmaine.O'Carroll@gmail.com,worker
844,Sashenka,Lumbard,Sashenka.Lumbard@yopmail.com,Sashenka.Lumbard@gmail.com,worker
845,Zondra,Campball,Zondra.Campball@yopmail.com,Zondra.Campball@gmail.com,police officer
846,Meriel,Emanuel,Meriel.Emanuel@yopmail.com,Meriel.Emanuel@gmail.com,police officer
847,Kathy,Ephrem,Kathy.Ephrem@yopmail.com,Kathy.Ephrem@gmail.com,worker
848,Genovera,Gwenore,Genovera.Gwenore@yopmail.com,Genovera.Gwenore@gmail.com,firefighter
849,Judy,Cecile,Judy.Cecile@yopmail.com,Judy.Cecile@gmail.com,firefighter
850,Eve,Wallis,Eve.Wallis@yopmail.com,Eve.Wallis@gmail.com,developer
851,Therine,Norrie,Therine.Norrie@yopmail.com,Therine.Norrie@gmail.com,police officer
852,Jinny,Iiette,Jinny.Iiette@yopmail.com,Jinny.Iiette@gmail.com,worker
853,Sophia,Janith,Sophia.Janith@yopmail.com,Sophia.Janith@gmail.com,doctor
854,Sadie,Jess,Sadie.Jess@yopmail.com,Sadie.Jess@gmail.com,firefighter
855,Neila,Eckblad,Neila.Eckblad@yopmail.com,Neila.Eckblad@gmail.com,firefighter
856,Mady,Merriott,Mady.Merriott@yopmail.com,Mady.Merriott@gmail.com,worker
857,Christal,Flyn,Christal.Flyn@yopmail.com,Christal.Flyn@gmail.com,doctor
858,Hermione,Fadiman,Hermione.Fadiman@yopmail.com,Hermione.Fadiman@gmail.com,doctor
859,Jobi,Mandler,Jobi.Mandler@yopmail.com,Jobi.Mandler@gmail.com,worker
860,Frieda,Chem,Frieda.Chem@yopmail.com,Frieda.Chem@gmail.com,worker
861,Alleen,Voletta,Alleen.Voletta@yopmail.com,Alleen.Voletta@gmail.com,doctor
862,Ginnie,Munn,Ginnie.Munn@yopmail.com,Ginnie.Munn@gmail.com,developer
863,Jerry,Braun,Jerry.Braun@yopmail.com,Jerry.Braun@gmail.com,doctor
864,Jenilee,Iiette,Jenilee.Iiette@yopmail.com,Jenilee.Iiette@gmail.com,worker
865,Arlena,Riordan,Arlena.Riordan@yopmail.com,Arlena.Riordan@gmail.com,doctor
866,Aimil,Egbert,Aimil.Egbert@yopmail.com,Aimil.Egbert@gmail.com,police officer
867,Elka,Allys,Elka.Allys@yopmail.com,Elka.Allys@gmail.com,doctor
868,Cindelyn,Gaal,Cindelyn.Gaal@yopmail.com,Cindelyn.Gaal@gmail.com,worker
869,Lory,Read,Lory.Read@yopmail.com,Lory.Read@gmail.com,doctor
870,Angela,Nore,Angela.Nore@yopmail.com,Angela.Nore@gmail.com,worker
871,Gloria,Wooster,Gloria.Wooster@yopmail.com,Gloria.Wooster@gmail.com,worker
872,Candy,Daniele,Candy.Daniele@yopmail.com,Candy.Daniele@gmail.com,developer
873,Viki,Wooster,Viki.Wooster@yopmail.com,Viki.Wooster@gmail.com,police officer
874,Sybille,Henrie,Sybille.Henrie@yopmail.com,Sybille.Henrie@gmail.com,developer
875,Elka,Mendez,Elka.Mendez@yopmail.com,Elka.Mendez@gmail.com,developer
876,Jasmina,Zamora,Jasmina.Zamora@yopmail.com,Jasmina.Zamora@gmail.com,police officer
877,Trixi,Deny,Trixi.Deny@yopmail.com,Trixi.Deny@gmail.com,doctor
878,Elie,Louanna,Elie.Louanna@yopmail.com,Elie.Louanna@gmail.com,worker
879,Micheline,Blase,Micheline.Blase@yopmail.com,Micheline.Blase@gmail.com,doctor
880,Jemie,Standing,Jemie.Standing@yopmail.com,Jemie.Standing@gmail.com,developer
881,Karina,Wandie,Karina.Wandie@yopmail.com,Karina.Wandie@gmail.com,worker
882,Annice,Darian,Annice.Darian@yopmail.com,Annice.Darian@gmail.com,firefighter
883,Calla,Charmine,Calla.Charmine@yopmail.com,Calla.Charmine@gmail.com,doctor
884,Amii,Eno,Amii.Eno@yopmail.com,Amii.Eno@gmail.com,worker
885,Kelly,Simmonds,Kelly.Simmonds@yopmail.com,Kelly.Simmonds@gmail.com,doctor
886,Atlanta,Vivle,Atlanta.Vivle@yopmail.com,Atlanta.Vivle@gmail.com,police officer
887,Lorie,Maurine,Lorie.Maurine@yopmail.com,Lorie.Maurine@gmail.com,worker
888,Aurelie,Stevy,Aurelie.Stevy@yopmail.com,Aurelie.Stevy@gmail.com,firefighter
889,Aurelie,Jillane,Aurelie.Jillane@yopmail.com,Aurelie.Jillane@gmail.com,doctor
890,Priscilla,Lindemann,Priscilla.Lindemann@yopmail.com,Priscilla.Lindemann@gmail.com,doctor
891,Oralee,Desai,Oralee.Desai@yopmail.com,Oralee.Desai@gmail.com,doctor
892,Gale,Anyah,Gale.Anyah@yopmail.com,Gale.Anyah@gmail.com,developer
893,Brandise,Rocray,Brandise.Rocray@yopmail.com,Brandise.Rocray@gmail.com,worker
894,Mathilda,Freddi,Mathilda.Freddi@yopmail.com,Mathilda.Freddi@gmail.com,firefighter
895,Jorry,Hermes,Jorry.Hermes@yopmail.com,Jorry.Hermes@gmail.com,firefighter
896,Gabriellia,Primalia,Gabriellia.Primalia@yopmail.com,Gabriellia.Primalia@gmail.com,doctor
897,Tarra,Hurley,Tarra.Hurley@yopmail.com,Tarra.Hurley@gmail.com,worker
898,Lynde,Terencio,Lynde.Terencio@yopmail.com,Lynde.Terencio@gmail.com,developer
899,Layla,Joachim,Layla.Joachim@yopmail.com,Layla.Joachim@gmail.com,police officer
900,Rozele,Burnside,Rozele.Burnside@yopmail.com,Rozele.Burnside@gmail.com,doctor
901,Tina,Allare,Tina.Allare@yopmail.com,Tina.Allare@gmail.com,developer
902,Corly,Harday,Corly.Harday@yopmail.com,Corly.Harday@gmail.com,doctor
903,Jasmina,Friede,Jasmina.Friede@yopmail.com,Jasmina.Friede@gmail.com,doctor
904,Sadie,Newell,Sadie.Newell@yopmail.com,Sadie.Newell@gmail.com,firefighter
905,Kate,Nikaniki,Kate.Nikaniki@yopmail.com,Kate.Nikaniki@gmail.com,firefighter
906,Tani,Francyne,Tani.Francyne@yopmail.com,Tani.Francyne@gmail.com,firefighter
907,Carlie,Narton,Carlie.Narton@yopmail.com,Carlie.Narton@gmail.com,doctor
908,Belva,Rebecka,Belva.Rebecka@yopmail.com,Belva.Rebecka@gmail.com,doctor
909,Rayna,Vorster,Rayna.Vorster@yopmail.com,Rayna.Vorster@gmail.com,worker
910,Rebeca,Liebermann,Rebeca.Liebermann@yopmail.com,Rebeca.Liebermann@gmail.com,police officer
911,Tomasina,Prober,Tomasina.Prober@yopmail.com,Tomasina.Prober@gmail.com,worker
912,Joceline,Ruvolo,Joceline.Ruvolo@yopmail.com,Joceline.Ruvolo@gmail.com,doctor
913,Kellen,Tillford,Kellen.Tillford@yopmail.com,Kellen.Tillford@gmail.com,doctor
914,Karlee,Gombach,Karlee.Gombach@yopmail.com,Karlee.Gombach@gmail.com,worker
915,Raina,Clywd,Raina.Clywd@yopmail.com,Raina.Clywd@gmail.com,worker
916,Trudie,Colyer,Trudie.Colyer@yopmail.com,Trudie.Colyer@gmail.com,developer
917,Ruthe,Braun,Ruthe.Braun@yopmail.com,Ruthe.Braun@gmail.com,firefighter
918,Ofilia,Byrne,Ofilia.Byrne@yopmail.com,Ofilia.Byrne@gmail.com,doctor
919,Halette,Cassius,Halette.Cassius@yopmail.com,Halette.Cassius@gmail.com,developer
920,Marnia,Harl,Marnia.Harl@yopmail.com,Marnia.Harl@gmail.com,police officer
921,Drucie,Lucienne,Drucie.Lucienne@yopmail.com,Drucie.Lucienne@gmail.com,worker
922,Gerrie,Pip,Gerrie.Pip@yopmail.com,Gerrie.Pip@gmail.com,worker
923,Jessamyn,O'Carroll,Jessamyn.O'Carroll@yopmail.com,Jessamyn.O'Carroll@gmail.com,police officer
924,Lisette,Koziara,Lisette.Koziara@yopmail.com,Lisette.Koziara@gmail.com,firefighter
925,Marleah,Bord,Marleah.Bord@yopmail.com,Marleah.Bord@gmail.com,developer
926,Kathi,Sharl,Kathi.Sharl@yopmail.com,Kathi.Sharl@gmail.com,police officer
927,Sharai,Gaspard,Sharai.Gaspard@yopmail.com,Sharai.Gaspard@gmail.com,doctor
928,Alleen,Lucienne,Alleen.Lucienne@yopmail.com,Alleen.Lucienne@gmail.com,worker
929,Dominga,Elbertina,Dominga.Elbertina@yopmail.com,Dominga.Elbertina@gmail.com,doctor
930,Ernesta,Chaing,Ernesta.Chaing@yopmail.com,Ernesta.Chaing@gmail.com,worker
931,Sharlene,Barney,Sharlene.Barney@yopmail.com,Sharlene.Barney@gmail.com,worker
932,Daune,Pattin,Daune.Pattin@yopmail.com,Daune.Pattin@gmail.com,developer
933,Amalie,Glovsky,Amalie.Glovsky@yopmail.com,Amalie.Glovsky@gmail.com,doctor
934,Laure,MacIntosh,Laure.MacIntosh@yopmail.com,Laure.MacIntosh@gmail.com,police officer
935,Caritta,Karl,Caritta.Karl@yopmail.com,Caritta.Karl@gmail.com,developer
936,Dawn,Stanwood,Dawn.Stanwood@yopmail.com,Dawn.Stanwood@gmail.com,firefighter
937,Keelia,Fiann,Keelia.Fiann@yopmail.com,Keelia.Fiann@gmail.com,worker
938,Dorice,Brady,Dorice.Brady@yopmail.com,Dorice.Brady@gmail.com,worker
939,Georgina,Tamsky,Georgina.Tamsky@yopmail.com,Georgina.Tamsky@gmail.com,firefighter
940,Raina,Durware,Raina.Durware@yopmail.com,Raina.Durware@gmail.com,developer
941,Marsiella,Gower,Marsiella.Gower@yopmail.com,Marsiella.Gower@gmail.com,police officer
942,Gilligan,Buffum,Gilligan.Buffum@yopmail.com,Gilligan.Buffum@gmail.com,doctor
943,Dulcinea,Pierette,Dulcinea.Pierette@yopmail.com,Dulcinea.Pierette@gmail.com,worker
944,Caressa,Ardra,Caressa.Ardra@yopmail.com,Caressa.Ardra@gmail.com,doctor
945,Bettine,Craggie,Bettine.Craggie@yopmail.com,Bettine.Craggie@gmail.com,police officer
946,Winifred,Regan,Winifred.Regan@yopmail.com,Winifred.Regan@gmail.com,firefighter
947,Carol-Jean,Sholley,Carol-Jean.Sholley@yopmail.com,Carol-Jean.Sholley@gmail.com,worker
948,Elena,Ardeha,Elena.Ardeha@yopmail.com,Elena.Ardeha@gmail.com,firefighter
949,Gusty,Engdahl,Gusty.Engdahl@yopmail.com,Gusty.Engdahl@gmail.com,firefighter
950,Brooks,Durware,Brooks.Durware@yopmail.com,Brooks.Durware@gmail.com,worker
951,Kerrin,Astra,Kerrin.Astra@yopmail.com,Kerrin.Astra@gmail.com,developer
952,Magdalena,Jacobah,Magdalena.Jacobah@yopmail.com,Magdalena.Jacobah@gmail.com,doctor
953,Natka,Graig,Natka.Graig@yopmail.com,Natka.Graig@gmail.com,doctor
954,Iseabal,Darbie,Iseabal.Darbie@yopmail.com,Iseabal.Darbie@gmail.com,police officer
955,Alia,Anselmi,Alia.Anselmi@yopmail.com,Alia.Anselmi@gmail.com,worker
956,Donetta,Tryck,Donetta.Tryck@yopmail.com,Donetta.Tryck@gmail.com,police officer
957,Merrie,Mauer,Merrie.Mauer@yopmail.com,Merrie.Mauer@gmail.com,doctor
958,Morganica,Reinke,Morganica.Reinke@yopmail.com,Morganica.Reinke@gmail.com,police officer
959,Lynde,Prouty,Lynde.Prouty@yopmail.com,Lynde.Prouty@gmail.com,worker
960,Susan,Joachim,Susan.Joachim@yopmail.com,Susan.Joachim@gmail.com,doctor
961,Laure,Keelia,Laure.Keelia@yopmail.com,Laure.Keelia@gmail.com,developer
962,Jsandye,Stelle,Jsandye.Stelle@yopmail.com,Jsandye.Stelle@gmail.com,firefighter
963,Ericka,Knowling,Ericka.Knowling@yopmail.com,Ericka.Knowling@gmail.com,developer
964,Edee,Oscar,Edee.Oscar@yopmail.com,Edee.Oscar@gmail.com,developer
965,Sue,Anis,Sue.Anis@yopmail.com,Sue.Anis@gmail.com,worker
966,Magdalena,Malina,Magdalena.Malina@yopmail.com,Magdalena.Malina@gmail.com,developer
967,Evita,Manolo,Evita.Manolo@yopmail.com,Evita.Manolo@gmail.com,developer
968,Mary,Primalia,Mary.Primalia@yopmail.com,Mary.Primalia@gmail.com,doctor
969,Gwyneth,Cornelia,Gwyneth.Cornelia@yopmail.com,Gwyneth.Cornelia@gmail.com,police officer
970,Gloria,Mayeda,Gloria.Mayeda@yopmail.com,Gloria.Mayeda@gmail.com,firefighter
971,Danny,Waldron,Danny.Waldron@yopmail.com,Danny.Waldron@gmail.com,police officer
972,Mathilda,Joachim,Mathilda.Joachim@yopmail.com,Mathilda.Joachim@gmail.com,doctor
973,Donetta,Vilma,Donetta.Vilma@yopmail.com,Donetta.Vilma@gmail.com,worker
974,Daphne,Sandye,Daphne.Sandye@yopmail.com,Daphne.Sandye@gmail.com,developer
975,Joane,Tengdin,Joane.Tengdin@yopmail.com,Joane.Tengdin@gmail.com,doctor
976,Darlleen,Harned,Darlleen.Harned@yopmail.com,Darlleen.Harned@gmail.com,developer
977,Shaylyn,Gower,Shaylyn.Gower@yopmail.com,Shaylyn.Gower@gmail.com,firefighter
978,Jerry,Means,Jerry.Means@yopmail.com,Jerry.Means@gmail.com,worker
979,Lusa,Jeanne,Lusa.Jeanne@yopmail.com,Lusa.Jeanne@gmail.com,police officer
980,Ellette,Craggie,Ellette.Craggie@yopmail.com,Ellette.Craggie@gmail.com,developer
981,Di,Atonsah,Di.Atonsah@yopmail.com,Di.Atonsah@gmail.com,firefighter
982,Berget,Wyn,Berget.Wyn@yopmail.com,Berget.Wyn@gmail.com,worker
983,Krystle,Leonard,Krystle.Leonard@yopmail.com,Krystle.Leonard@gmail.com,worker
984,Tracey,Darbie,Tracey.Darbie@yopmail.com,Tracey.Darbie@gmail.com,worker
985,Lacie,Strephon,Lacie.Strephon@yopmail.com,Lacie.Strephon@gmail.com,worker
986,Melina,Wadell,Melina.Wadell@yopmail.com,Melina.Wadell@gmail.com,police officer
987,Ira,Vastah,Ira.Vastah@yopmail.com,Ira.Vastah@gmail.com,worker
988,Nollie,Faro,Nollie.Faro@yopmail.com,Nollie.Faro@gmail.com,firefighter
989,Maud,Sancho,Maud.Sancho@yopmail.com,Maud.Sancho@gmail.com,developer
990,Allyce,LaRue,Allyce.LaRue@yopmail.com,Allyce.LaRue@gmail.com,developer
991,Adelle,Wesle,Adelle.Wesle@yopmail.com,Adelle.Wesle@gmail.com,firefighter
992,Berget,Latini,Berget.Latini@yopmail.com,Berget.Latini@gmail.com,doctor
993,Maryellen,Seagraves,Maryellen.Seagraves@yopmail.com,Maryellen.Seagraves@gmail.com,doctor
994,Averyl,Madox,Averyl.Madox@yopmail.com,Averyl.Madox@gmail.com,worker
995,Elora,Han,Elora.Han@yopmail.com,Elora.Han@gmail.com,police officer
996,Shaylyn,Liebermann,Shaylyn.Liebermann@yopmail.com,Shaylyn.Liebermann@gmail.com,doctor
997,Robinia,Willie,Robinia.Willie@yopmail.com,Robinia.Willie@gmail.com,police officer
998,Rochette,Zamora,Rochette.Zamora@yopmail.com,Rochette.Zamora@gmail.com,developer
999,Gerrie,Klotz,Gerrie.Klotz@yopmail.com,Gerrie.Klotz@gmail.com,doctor
1000,Belinda,Newell,Belinda.Newell@yopmail.com,Belinda.Newell@gmail.com,firefighter
1001,Deedee,Ruvolo,Deedee.Ruvolo@yopmail.com,Deedee.Ruvolo@gmail.com,doctor
1002,Rhea,Pauly,Rhea.Pauly@yopmail.com,Rhea.Pauly@gmail.com,developer
1003,Kalina,Lindemann,Kalina.Lindemann@yopmail.com,Kalina.Lindemann@gmail.com,developer
1004,Lizzie,Jagir,Lizzie.Jagir@yopmail.com,Lizzie.Jagir@gmail.com,doctor
1005,Harrietta,Leary,Harrietta.Leary@yopmail.com,Harrietta.Leary@gmail.com,doctor
1006,Lynnea,Han,Lynnea.Han@yopmail.com,Lynnea.Han@gmail.com,police officer
1007,Annice,Serilda,Annice.Serilda@yopmail.com,Annice.Serilda@gmail.com,worker
1008,Eadie,Federica,Eadie.Federica@yopmail.com,Eadie.Federica@gmail.com,doctor
1009,Nataline,Erlandson,Nataline.Erlandson@yopmail.com,Nataline.Erlandson@gmail.com,police officer
1010,Feliza,Guildroy,Feliza.Guildroy@yopmail.com,Feliza.Guildroy@gmail.com,firefighter
1011,Micheline,Goode,Micheline.Goode@yopmail.com,Micheline.Goode@gmail.com,doctor
1012,Debee,Avi,Debee.Avi@yopmail.com,Debee.Avi@gmail.com,developer
1013,Nariko,Shaver,Nariko.Shaver@yopmail.com,Nariko.Shaver@gmail.com,doctor
1014,Misha,Carbo,Misha.Carbo@yopmail.com,Misha.Carbo@gmail.com,police officer
1015,Mahalia,Allina,Mahalia.Allina@yopmail.com,Mahalia.Allina@gmail.com,police officer
1016,Josephine,Johanna,Josephine.Johanna@yopmail.com,Josephine.Johanna@gmail.com,worker
1017,Nanete,Cassius,Nanete.Cassius@yopmail.com,Nanete.Cassius@gmail.com,firefighter
1018,Adore,Dreda,Adore.Dreda@yopmail.com,Adore.Dreda@gmail.com,police officer
1019,Aryn,Florina,Aryn.Florina@yopmail.com,Aryn.Florina@gmail.com,firefighter
1020,Janenna,Leler,Janenna.Leler@yopmail.com,Janenna.Leler@gmail.com,police officer
1021,Starla,Dimitris,Starla.Dimitris@yopmail.com,Starla.Dimitris@gmail.com,firefighter
1022,Willetta,Jethro,Willetta.Jethro@yopmail.com,Willetta.Jethro@gmail.com,police officer
1023,Romona,Felizio,Romona.Felizio@yopmail.com,Romona.Felizio@gmail.com,doctor
1024,Ariela,Wittie,Ariela.Wittie@yopmail.com,Ariela.Wittie@gmail.com,developer
1025,Dione,Camden,Dione.Camden@yopmail.com,Dione.Camden@gmail.com,doctor
1026,Mireielle,Hepsibah,Mireielle.Hepsibah@yopmail.com,Mireielle.Hepsibah@gmail.com,doctor
1027,Gusella,Milde,Gusella.Milde@yopmail.com,Gusella.Milde@gmail.com,firefighter
1028,Elka,Kellby,Elka.Kellby@yopmail.com,Elka.Kellby@gmail.com,firefighter
1029,Lynea,Ursulette,Lynea.Ursulette@yopmail.com,Lynea.Ursulette@gmail.com,developer
1030,Cyb,Delp,Cyb.Delp@yopmail.com,Cyb.Delp@gmail.com,developer
1031,Anthia,Tatianas,Anthia.Tatianas@yopmail.com,Anthia.Tatianas@gmail.com,doctor
1032,Viki,Garlinda,Viki.Garlinda@yopmail.com,Viki.Garlinda@gmail.com,doctor
1033,Dennie,Ferrell,Dennie.Ferrell@yopmail.com,Dennie.Ferrell@gmail.com,police officer
1034,Helsa,Loring,Helsa.Loring@yopmail.com,Helsa.Loring@gmail.com,police officer
1035,Mignon,Pelagias,Mignon.Pelagias@yopmail.com,Mignon.Pelagias@gmail.com,firefighter
1036,Dyann,Beebe,Dyann.Beebe@yopmail.com,Dyann.Beebe@gmail.com,police officer
1037,Fidelia,Oscar,Fidelia.Oscar@yopmail.com,Fidelia.Oscar@gmail.com,firefighter
1038,Fernande,Vittoria,Fernande.Vittoria@yopmail.com,Fernande.Vittoria@gmail.com,worker
1039,Chastity,Fitzsimmons,Chastity.Fitzsimmons@yopmail.com,Chastity.Fitzsimmons@gmail.com,developer
1040,Dyann,Loring,Dyann.Loring@yopmail.com,Dyann.Loring@gmail.com,police officer
1041,Ofilia,Truc,Ofilia.Truc@yopmail.com,Ofilia.Truc@gmail.com,firefighter
1042,Harmonia,Nelsen,Harmonia.Nelsen@yopmail.com,Harmonia.Nelsen@gmail.com,firefighter
1043,Zondra,Heisel,Zondra.Heisel@yopmail.com,Zondra.Heisel@gmail.com,doctor
1044,Lesly,Naashom,Lesly.Naashom@yopmail.com,Lesly.Naashom@gmail.com,firefighter
1045,Georgetta,Stav,Georgetta.Stav@yopmail.com,Georgetta.Stav@gmail.com,police officer
1046,Courtnay,Kalinda,Courtnay.Kalinda@yopmail.com,Courtnay.Kalinda@gmail.com,worker
1047,Albertina,Aaberg,Albertina.Aaberg@yopmail.com,Albertina.Aaberg@gmail.com,police officer
1048,Kial,Tarrant,Kial.Tarrant@yopmail.com,Kial.Tarrant@gmail.com,doctor
1049,Bill,Eben,Bill.Eben@yopmail.com,Bill.Eben@gmail.com,developer
1050,Fayre,Dulciana,Fayre.Dulciana@yopmail.com,Fayre.Dulciana@gmail.com,doctor
1051,Amara,Mitzi,Amara.Mitzi@yopmail.com,Amara.Mitzi@gmail.com,firefighter
1052,Jemie,Bates,Jemie.Bates@yopmail.com,Jemie.Bates@gmail.com,doctor
1053,Laure,Lemuela,Laure.Lemuela@yopmail.com,Laure.Lemuela@gmail.com,doctor
1054,Liana,Olnee,Liana.Olnee@yopmail.com,Liana.Olnee@gmail.com,doctor
1055,Raina,Auberbach,Raina.Auberbach@yopmail.com,Raina.Auberbach@gmail.com,police officer
1056,Bibby,Esmaria,Bibby.Esmaria@yopmail.com,Bibby.Esmaria@gmail.com,police officer
1057,Jinny,Rogerio,Jinny.Rogerio@yopmail.com,Jinny.Rogerio@gmail.com,worker
1058,Gerianna,Drus,Gerianna.Drus@yopmail.com,Gerianna.Drus@gmail.com,doctor
1059,Willetta,Hillel,Willetta.Hillel@yopmail.com,Willetta.Hillel@gmail.com,firefighter
1060,Tatiania,Aloise,Tatiania.Aloise@yopmail.com,Tatiania.Aloise@gmail.com,firefighter
1061,Modestia,Sadowski,Modestia.Sadowski@yopmail.com,Modestia.Sadowski@gmail.com,doctor
1062,Sheree,Berl,Sheree.Berl@yopmail.com,Sheree.Berl@gmail.com,worker
1063,Phylis,Pernick,Phylis.Pernick@yopmail.com,Phylis.Pernick@gmail.com,firefighter
1064,Daphne,Gower,Daphne.Gower@yopmail.com,Daphne.Gower@gmail.com,firefighter
1065,Aeriela,Muriel,Aeriela.Muriel@yopmail.com,Aeriela.Muriel@gmail.com,firefighter
1066,Jorry,Koehler,Jorry.Koehler@yopmail.com,Jorry.Koehler@gmail.com,firefighter
1067,Ellette,Carolin,Ellette.Carolin@yopmail.com,Ellette.Carolin@gmail.com,developer
1068,Ulrike,Georgy,Ulrike.Georgy@yopmail.com,Ulrike.Georgy@gmail.com,firefighter
1069,Mady,August,Mady.August@yopmail.com,Mady.August@gmail.com,police officer
1070,Kittie,Isidore,Kittie.Isidore@yopmail.com,Kittie.Isidore@gmail.com,firefighter
1071,Ariela,Fink,Ariela.Fink@yopmail.com,Ariela.Fink@gmail.com,developer
1072,Demetris,Craggie,Demetris.Craggie@yopmail.com,Demetris.Craggie@gmail.com,firefighter
1073,Joleen,Cordi,Joleen.Cordi@yopmail.com,Joleen.Cordi@gmail.com,police officer
1074,Wynne,Meter,Wynne.Meter@yopmail.com,Wynne.Meter@gmail.com,firefighter
1075,Gusty,Mallon,Gusty.Mallon@yopmail.com,Gusty.Mallon@gmail.com,police officer
1076,Gaylene,Narton,Gaylene.Narton@yopmail.com,Gaylene.Narton@gmail.com,firefighter
1077,Petronia,Lowry,Petronia.Lowry@yopmail.com,Petronia.Lowry@gmail.com,police officer
1078,Lorie,Nedrud,Lorie.Nedrud@yopmail.com,Lorie.Nedrud@gmail.com,firefighter
1079,Anthia,Iaverne,Anthia.Iaverne@yopmail.com,Anthia.Iaverne@gmail.com,developer
1080,Imojean,Israeli,Imojean.Israeli@yopmail.com,Imojean.Israeli@gmail.com,doctor
1081,Shaine,Kolnick,Shaine.Kolnick@yopmail.com,Shaine.Kolnick@gmail.com,worker
1082,Millie,Cleavland,Millie.Cleavland@yopmail.com,Millie.Cleavland@gmail.com,developer
1083,Christal,O'Neill,Christal.O'Neill@yopmail.com,Christal.O'Neill@gmail.com,police officer
1084,Wendi,Herrera,Wendi.Herrera@yopmail.com,Wendi.Herrera@gmail.com,worker
1085,Jolyn,Socha,Jolyn.Socha@yopmail.com,Jolyn.Socha@gmail.com,doctor
1086,Karolina,Seagraves,Karolina.Seagraves@yopmail.com,Karolina.Seagraves@gmail.com,worker
1087,Doralynne,Creamer,Doralynne.Creamer@yopmail.com,Doralynne.Creamer@gmail.com,police officer
1088,Tabbatha,Pip,Tabbatha.Pip@yopmail.com,Tabbatha.Pip@gmail.com,developer
1089,Jennica,Cleavland,Jennica.Cleavland@yopmail.com,Jennica.Cleavland@gmail.com,police officer
1090,Fayre,Croix,Fayre.Croix@yopmail.com,Fayre.Croix@gmail.com,doctor
1091,Nikki,Thar,Nikki.Thar@yopmail.com,Nikki.Thar@gmail.com,worker
1092,Raina,Kazimir,Raina.Kazimir@yopmail.com,Raina.Kazimir@gmail.com,developer
1093,Maud,Gilbertson,Maud.Gilbertson@yopmail.com,Maud.Gilbertson@gmail.com,doctor
1094,Katuscha,Gillan,Katuscha.Gillan@yopmail.com,Katuscha.Gillan@gmail.com,doctor
1095,Caressa,Fiester,Caressa.Fiester@yopmail.com,Caressa.Fiester@gmail.com,developer
1096,Elena,Stuart,Elena.Stuart@yopmail.com,Elena.Stuart@gmail.com,developer
1097,Zaria,Baylor,Zaria.Baylor@yopmail.com,Zaria.Baylor@gmail.com,worker
1098,June,Maribeth,June.Maribeth@yopmail.com,June.Maribeth@gmail.com,doctor
1099,Leontine,Claudine,Leontine.Claudine@yopmail.com,Leontine.Claudine@gmail.com,doctor